Name,Team,Pos,Age,Draft,Highest Level,B/T,Hgt/Wgt,Rank,Avg,Baseball America,Baseball HQ,CBS Sports,Dynasty Dugout,Fantasy Alarm,Imaginary Brick Wall,MLB Pipeline,NBC Sports,Prospect 361,Roto Prospects,The Athletic
"Griffin, Konnor",PIT,SS,19.8,2024 #9,AA,R/R,"6'4"" 225",1,1,Paywall,Paywall,1,1,1,1,1,1,Paywall,1,1
"McGonigle, Kevin",DET,SS,21.4,2023 #37,AA,L/R,"5'10"" 187",2,2.64,Paywall,Paywall,2,2,2,2,2,4,Paywall,3,2
"Made, Jesus",MIL,SS,18.7,2024 FA,AA,S/R,"6'1"" 187",3,3.09,Paywall,Paywall,3,3,4,4,3,3,Paywall,2,3
"Wetherholt, JJ",STL,SS,23.4,2024 #7,AAA,L/R,"5'10"" 190",4,5.09,Paywall,Paywall,4,5,5,7,5,6,Paywall,6,7
"Basallo, Samuel",BAL,C,21.5,2021 FA,MLB,L/R,"6'4"" 180",5,7.36,Paywall,Paywall,7,6,7,3,8,11,Paywall,8,8
"De Vries, Leo",ATH,SS,19.3,2024 FA,AA,S/R,"6'1"" 183",6,7.55,Paywall,Paywall,5,8,3,14,4,2,Paywall,4,13
"Clark, Max",DET,OF,21.1,2023 #3,AA,L/L,"6'0"" 205",7,8.27,Paywall,Paywall,20,7,8,8,10,5,Paywall,11,5
"Walcott, Sebastian",TEX,SS,19.9,2023 FA,AA,R/R,"6'4"" 190",8,8.91,Paywall,Paywall,6,4,6,9,7,14,Paywall,7,16
"Jenkins, Walker",MIN,MIN,20.9,2023 #5,AAA,L/R,"6'3"" 210",9,9.27,Paywall,Paywall,15,16,10,5,14,7,Paywall,5,11
"Emerson, Colt",SEA,SS,20.5,2023 #22,AAA,L/R,"6'0"" 195",10,11.09,Paywall,Paywall,10,15,9,13,9,12,Paywall,15,4
"McLean, Nolan",NYM,P,24.5,2023 #91,MLB,R/R,"6'2"" 214",11,12.45,Paywall,Paywall,13,13,11,11,6,15,Paywall,10,15
"Chandler, Bubba",PIT,P,23.4,2021 #72,MLB,S/R,"6'3"" 218",12,13.18,Paywall,Paywall,8,14,14,19,11,18,Paywall,12,14
"Yesavage, Trey",TOR,P,22.5,2024 #20,MLB,R/R,"6'4"" 225",13,15.45,Paywall,Paywall,12,10,26,10,12,8,Paywall,13,25
"Miller, Aidan",PHI,SS,21.6,2023 #27,AAA,R/R,"6'1"" 205",14,16.64,Paywall,Paywall,14,9,32,21,23,21,Paywall,14,6
"De Paula, Josue",LAD,OF,20.7,2022 FA,AA,L/L,"6'3"" 185",15,16.82,Paywall,Paywall,19,18,13,22,15,9,Paywall,20,20
"Eldridge, Bryce",SF,1B,21.3,2023 #16,MLB,L/R,"6'7"" 240",16,17.18,Paywall,Paywall,11,11,12,17,25,23,Paywall,18,23
"White, Thomas",MIA,P,21.3,2023 #35,AAA,L/L,"6'5"" 240",17,19.73,Paywall,Paywall,16,27,22,12,17,16,Paywall,16,33
"Quintero, Eduardo",LAD,OF,19.4,2023 FA,A+,R/R,"6'1"" 175",18,21.91,Paywall,Paywall,18,12,34,Paywall,30,24,Paywall,21,9
"Benge, Carson",NYM,OF,23,2024 #19,AAA,L/R,"6'1"" 184",19,22.18,Paywall,Paywall,9,17,21,20,16,28,Paywall,23,18
"Rainer, Bryce",DET,SS,20.6,2024 #11,A,L/R,"6'3"" 195",20,24.91,Paywall,Paywall,22,22,37,23,35,19,Paywall,25,17
"Stewart, Sal",CIN,3B,22.1,2022 #32,AAA,R/R,"6'1"" 224",21,25.91,Paywall,Paywall,21,20,31,16,22,50,Paywall,9,19
"Pena, Luis",MIL,SS,19.2,2024 FA,A+,R/R,"5'11"" 185",22,26.64,Paywall,Paywall,24,32,18,Paywall,26,22,Paywall,29,27
"Anderson, Kade",SEA,P,21.6,2025 #3,,L/L,"6'2"" 179",23,26.73,Paywall,Paywall,27,29,23,Paywall,21,13,Paywall,36,28
"Jensen, Carter",KC,C,22.6,2021 #78,MLB,L/R,"6'0"" 210",24,27.45,Paywall,Paywall,25,35,39,15,18,31,Paywall,27,10
"Painter, Andrew",PHI,P,22.8,2021 #13,AAA,R/R,"6'7"" 215",25,28.55,Paywall,Paywall,26,23,16,Paywall,28,38,Paywall,38,22
"Bazzana, Travis",CLE,2B,23.4,2024 #1,AAA,L/R,"6'0"" 199",26,31.36,Paywall,Paywall,36,25,17,Paywall,20,30,Paywall,30,50
"Tolle, Payton",BOS,P,23.2,2024 #50,AAA,L/L,"6'6"" 250",27,32.18,Paywall,Paywall,42,30,28,24,19,47,Paywall,35,40
"Hope, Zyhir",LAD,OF,21,2023 #326,AA,L/L,"5'10"" 193",28,32.45,Paywall,Paywall,28,19,20,Paywall,27,27,Paywall,58,36
"Willits, Eli",WAS,SS,18.1,2025 #1,A,S/R,"6'1"" 180",29,33,Paywall,Paywall,23,39,15,Paywall,13,17,Paywall,41,53
"Waldschmidt, Ryan",ARI,OF,23.3,2024 #31,AA,R/R,"6'2"" 205",30,40.27,Paywall,Paywall,31,33,66,Paywall,59,37,Paywall,31,34
"Doyle, Liam",STL,P,21.6,2025 #5,AA,R/L,"6'2"" 220",31,42.18,Paywall,Paywall,41,48,36,Paywall,34,64,Paywall,70,26
"Briceno, Josue",DET,C,21.3,2022 FA,AA,L/R,"6'4"" 200",32,42.27,Paywall,Paywall,29,44,33,Paywall,40,29,Paywall,55,59
"Tong, Jonah",NYM,P,22.6,2022 #209,MLB,R/R,"6'1"" 180",33,42.36,Paywall,Paywall,38,37,46,Paywall,48,60,Paywall,19,72
"Florentino, Edward",PIT,OF,19.2,2024 FA,A,L/R,"6'4"" 200",34,42.45,Paywall,Paywall,30,24,81,18,50,53,Paywall,22,42
"Holliday, Ethan",COL,SS,18.9,2025 #4,A,L/R,"6'4"" 210",35,43.18,Paywall,Paywall,54,Paywall,19,Paywall,24,10,Paywall,51,39
"Snelling, Robby",MIA,P,22.1,2022 #39,AAA,R/L,"6'3"" 210",36,43.73,Paywall,Paywall,37,34,51,Paywall,39,63,Paywall,33,63
"Rodriguez, Rainiel",STL,C,19.1,2024 FA,A+,R/R,"5'10"" 197",37,44.73,Paywall,Paywall,40,21,55,Paywall,37,34,Paywall,28,29
"Ballesteros, Moises",CHC,C,22.2,2021 FA,MLB,L/R,"5'8"" 195",38,45.09,Paywall,Paywall,33,Paywall,53,Paywall,55,35,Paywall,37,47
"Sloan, Ryan",SEA,P,20,2024 #55,A+,R/R,"6'5"" 220",39,45.27,Paywall,Paywall,53,41,44,Paywall,33,52,Paywall,52,21
"Montes, Lazaro",SEA,OF,21.3,2022 FA,AA,L/R,"6'5"" 210",40,45.36,Paywall,Paywall,47,38,29,Paywall,43,20,Paywall,44,71
"Lombard, George Jr.",NYY,SS,20.7,2023 #26,AA,R/R,"6'2"" 190",41,45.73,Paywall,Paywall,55,Paywall,25,Paywall,32,67,Paywall,60,24
"Hernandez, Seth",PIT,P,19.6,2025 #6,,R/R,"6'4"" 190",42,47.64,Paywall,Paywall,39,Paywall,27,Paywall,29,40,Paywall,59,100
"Williams, Jett",MIL,SS,22.2,2022 #14,AAA,R/R,"5'7"" 175",43,48.91,Paywall,Paywall,64,Paywall,30,Paywall,51,36,Paywall,24,45
"Montgomery, Braden",CHW,OF,22.8,2024 #12,AA,S/R,"6'2"" 220",44,49.18,Paywall,Paywall,69,47,35,Paywall,36,39,Paywall,42,30
"Gonzalez, Josuar",SF,SS,18.3,2025 FA,R,S/R,"6'0"" 167",45,50.73,Paywall,Paywall,56,36,82,Paywall,44,68,Paywall,53,38
"Arquette, Aiva",MIA,SS,22.3,2025 #7,A+,R/R,"6'5"" 220",46,52.73,Paywall,Paywall,52,Paywall,41,Paywall,47,32,Paywall,68,32
"Parker, JoJo",TOR,SS,19.5,2025 #8,,L/R,"6'2"" 200",47,54.73,Paywall,Paywall,50,42,43,Paywall,45,66,Paywall,69,60
"Duno, Alfredo",CIN,C,20.1,2023 FA,A,R/R,"6'2"" 210",48,55.55,Paywall,Paywall,75,Paywall,48,Paywall,38,41,Paywall,45,80
"Arias, Franklin",BOS,SS,20.2,2023 FA,AA,R/R,"5'11"" 170",49,57,Paywall,Paywall,85,Paywall,24,Paywall,31,51,Paywall,72,12
"Sirota, Mike",LAD,OF,22.6,2024 #87,A+,R/R,"6'2"" 188",50,57.36,Paywall,Paywall,44,49,64,Paywall,60,58,Paywall,47,51
"Crawford, Justin",PHI,OF,22,2022 #17,AAA,L/R,"6'2"" 188",51,59.09,Paywall,Paywall,48,Paywall,54,Paywall,53,25,Paywall,98,48
"DeLauter, Chase",CLE,OF,24.3,2022 #16,MLB,L/L,"6'3"" 235",52,59.36,Paywall,Paywall,59,Paywall,58,Paywall,46,42,Paywall,78,81
"Culpepper, Kaelen",MIN,SS,23.1,2024 #21,AA,R/R,"6'0"" 185",53,60.55,Paywall,Paywall,63,Paywall,52,Paywall,52,54,Paywall,46,82
"Rodriguez, Emmanuel",MIN,OF,22.9,2019 FA,AAA,L/L,"5'11"" 210",54,60.82,Paywall,Paywall,46,Paywall,69,Paywall,74,44,Paywall,64,57
"Caissie, Owen",MIA,OF,23.6,2020 #45,MLB,L/R,"6'3"" 190",55,63.73,Paywall,Paywall,34,Paywall,47,Paywall,42,33,Paywall,32,150
"Arnold, Jamie",ATH,P,21.9,2025 #11,,L/L,"6'1"" 188",56,64.45,Paywall,Paywall,43,Paywall,38,Paywall,41,79,Paywall,76,43
"Schultz, Noah",CHW,P,22.5,2022 #26,AAA,L/L,"6'10"" 240",57,65.64,Paywall,Paywall,57,Paywall,40,Paywall,49,59,Paywall,81,95
"Beavers, Dylan",BAL,OF,24.5,2022 #33,MLB,L/R,"6'5"" 206",58,68.27,Paywall,Paywall,61,Paywall,83,Paywall,69,62,Paywall,26,150
"Bonemer, Caleb",CHW,SS,20.3,2024 #43,A+,R/R,"6'1"" 195",59,68.82,Paywall,Paywall,35,26,73,Paywall,61,55,Paywall,49,44
"Williams, Carson",TB,SS,22.6,2021 #28,MLB,R/R,"6'2"" 180",60,70.27,Paywall,Paywall,150,Paywall,50,Paywall,63,75,Paywall,50,54
"Condon, Charlie",COL,OF,22.8,2024 #3,AA,R/R,"6'6"" 216",61,71.45,Paywall,Paywall,74,Paywall,61,Paywall,70,26,Paywall,96,46
"Jump, Gage",ATH,P,22.8,2024 #73,AA,L/L,"6'0"" 200",62,71.73,Paywall,Paywall,82,Paywall,60,Paywall,57,81,Paywall,150,37
"Baez, Joshua",STL,OF,22.6,2021 #54,AA,R/R,"6'3"" 220",63,73.82,Paywall,Paywall,17,31,150,Paywall,87,150,Paywall,17,150
"Caminiti, Cam",ATL,P,19.5,2024 #24,A,L/L,"6'2"" 195",64,74.55,Paywall,Paywall,70,Paywall,72,Paywall,68,74,Paywall,85,35
"Early, Connelly",BOS,P,23.8,2023 #151,MLB,L/L,"6'3"" 195",65,74.82,Paywall,Paywall,81,Paywall,150,Paywall,56,150,Paywall,34,64
"Arroyo, Michael",SEA,SS,21.2,2022 FA,AA,R/R,"5'10"" 160",66,75.55,Paywall,Paywall,72,50,63,Paywall,67,43,Paywall,86,49
"Gillen, Theo",TB,OF,20.4,2024 #18,A,L/R,"6'2"" 195",67,77.91,Paywall,Paywall,150,Paywall,65,Paywall,76,46,Paywall,150,67
"Susana, Jarlin",WAS,P,21.8,2022 FA,AA,R/R,"6'6"" 235",68,80.09,Paywall,Paywall,49,Paywall,87,Paywall,80,72,Paywall,66,150
"Pratt, Cooper",MIL,SS,21.4,2023 #182,AA,R/R,"6'3"" 206",69,84.45,Paywall,Paywall,150,Paywall,56,Paywall,64,150,Paywall,67,99
"Witherspoon, Kyson",BOS,P,21.5,2025 #15,,R/R,"6'2"" 206",70,84.73,Paywall,Paywall,79,Paywall,89,Paywall,84,150,Paywall,87,62
"Wiggins, Jaxon",CHC,P,24.3,2023 #68,AAA,R/R,"6'6"" 225",71,87.64,Paywall,Paywall,78,40,67,Paywall,58,93,Paywall,83,150
"Farmelo, Jonny",SEA,OF,21.4,2023 #29,A+,L/R,"6'2"" 205",72,88.18,Paywall,Paywall,150,Paywall,75,Paywall,78,56,Paywall,93,90
"Nimmala, Arjun",TOR,SS,20.3,2023 #20,A+,R/R,"6'1"" 190",73,88.27,Paywall,Paywall,150,Paywall,68,Paywall,77,91,Paywall,65,89
"Sykora, Travis",WAS,P,21.7,2023 #71,AA,R/R,"6'6"" 232",74,88.64,Paywall,Paywall,65,Paywall,49,Paywall,54,49,Paywall,150,150
"Genao, Angel",CLE,3B,21.7,2021 FA,AA,S/R,"5'9"" 150",75,89.18,Paywall,Paywall,150,Paywall,59,Paywall,66,57,Paywall,73,31
"Kilby, Dax",NYY,SS,19.2,2025 #39,A,L/R,"6'2"" 190",76,91.09,Paywall,Paywall,51,43,150,Paywall,94,150,Paywall,62,150
"Hopkins, Brody",TB,P,24,2023 #187,AA,R/R,"6'4"" 200",77,91.36,Paywall,Paywall,76,28,150,Paywall,85,150,Paywall,54,83
"Rodriguez-Cruz, Elmer",NYY,P,22.4,2021 #105,AAA,L/R,"6'3"" 160",78,92.09,Paywall,Paywall,80,Paywall,97,Paywall,82,87,Paywall,48,150
"Ford, Harry",WAS,C,22.9,2021 #12,MLB,R/R,"5'10"" 200",79,92.36,Paywall,Paywall,66,Paywall,42,Paywall,71,48,Paywall,150,150
"Smith, Hagen",CHW,P,22.4,2024 #5,AA,L/L,"6'3"" 235",80,95.27,Paywall,Paywall,86,Paywall,88,Paywall,72,89,Paywall,82,58
"Hall, Steele",CIN,SS,18.5,2025 #9,,R/R,"6'0"" 180",81,98.45,Paywall,Paywall,150,Paywall,79,Paywall,83,86,Paywall,61,150
"Bremner, Tyler",LAA,P,21.8,2025 #2,,R/R,"6'2"" 190",82,98.73,Paywall,Paywall,94,Paywall,91,Paywall,81,69,Paywall,88,150
"Lagrange, Carlos",NYY,P,22.7,2022 FA,AA,R/R,"6'7"" 248",83,98.91,Paywall,Paywall,90,Paywall,74,Paywall,79,150,Paywall,74,88
"Velazquez, Ralphy",CLE,1B,20.7,2023 #23,AA,L/R,"6'3"" 240",84,99.73,Paywall,Paywall,67,45,150,Paywall,89,150,Paywall,43,150
"Ewing, A.J.",NYM,SS,21.5,2023 #134,AA,L/R,"5'11"" 160",85,102,Paywall,Paywall,62,Paywall,150,Paywall,97,150,Paywall,80,98
"Sproat, Brandon",MIL,P,25.4,2023 #56,MLB,R/R,"6'3"" 215",86,102.36,Paywall,Paywall,93,Paywall,150,Paywall,100,150,Paywall,57,75
"Ritchie, J.R.",ATL,P,22.6,2022 #35,AAA,R/R,"6'2"" 185",87,105.91,Paywall,Paywall,71,Paywall,86,Paywall,90,77,Paywall,91,150
"Tait, Eduardo",MIN,C,19.4,2023 FA,A+,L/R,"6'0"" 175",88,108.55,Paywall,Paywall,150,Paywall,57,Paywall,65,83,Paywall,150,93
"Lewis, Tyson",CIN,SS,20,2024 #51,A,L/R,"6'2"" 195",89,109.18,Paywall,Paywall,89,Paywall,76,Paywall,150,150,Paywall,150,68
"Morales, Emil",LAD,SS,19.3,2024 FA,A,R/R,"6'3"" 191",90,109.91,Paywall,Paywall,84,Paywall,100,Paywall,92,65,Paywall,150,65
"Jones, Spencer",NYY,OF,24.7,2022 #25,AAA,L/L,"6'7"" 240",91,110.82,Paywall,Paywall,60,Paywall,99,Paywall,150,61,Paywall,56,150
"Carlson, Billy",CHW,SS,19.5,2025 #10,,R/R,"6'1"" 185",92,116.55,Paywall,Paywall,150,Paywall,150,Paywall,73,100,Paywall,150,66
"George, Nate",BAL,OF,19.6,2024 #489,A+,R/R,"6'0"" 200",93,117,Paywall,Paywall,150,Paywall,150,Paywall,93,150,Paywall,71,78
"Mack, Joe",MIA,C,23.1,2021 #31,AAA,L/R,"6'0"" 210",94,117.64,Paywall,Paywall,150,Paywall,70,Paywall,62,150,Paywall,150,52
"Messick, Parker",CLE,P,25.3,2022 #54,MLB,L/L,"6'0"" 225",95,118.73,Paywall,Paywall,87,Paywall,150,Paywall,95,150,Paywall,150,92
"Clifford, Ryan",NYM,1B,22.5,2022 #343,AAA,L/L,"6'3"" 200",96,119.27,Paywall,Paywall,77,Paywall,150,Paywall,150,150,Paywall,63,150
"Reimer, Jacob",NYM,3B,21.9,2022 #119,AA,R/R,"6'0"" 205",96,119.27,Paywall,Paywall,73,Paywall,150,Paywall,150,150,Paywall,92,150
"Quero, Jeferson",MIL,C,23.3,2019 FA,AAA,R/R,"5'11"" 203",98,121.18,Paywall,Paywall,150,Paywall,84,Paywall,150,85,Paywall,150,74
"Henderson, Logan",MIL,P,23.9,2021 #116,MLB,R/R,"6'0"" 209",99,121.73,Paywall,Paywall,88,Paywall,150,Paywall,150,150,Paywall,90,150
"Fien, Gavin",WAS,SS,18.9,2025 #12,A,R/R,"6'3"" 200",100,122.36,Paywall,Paywall,150,Paywall,150,Paywall,150,88,Paywall,150,76
"Lowder, Rhett",CIN,P,23.9,2023 #7,MLB,R/R,"6'2"" 200",101,124.18,Paywall,Paywall,150,Paywall,80,Paywall,86,45,Paywall,150,150
"Chourio, Kendry",KC,P,18.3,2025 FA,A,R/R,"6'0"" 160",102,124.82,Paywall,Paywall,150,Paywall,150,Paywall,150,150,Paywall,99,61
"Garcia, Jhostynxon",PIT,OF,23.1,2019 FA,MLB,R/R,"6'0"" 163",103,125.55,Paywall,Paywall,150,Paywall,85,Paywall,150,99,Paywall,150,150
"Cijntje, Jurrangelo",SEA,P,22.7,2024 #15,AA,S/S,"5'11"" 200",104,126.64,Paywall,Paywall,150,Paywall,90,Paywall,91,70,Paywall,150,150
"Davidson, Bo",SF,OF,23.6,2023 FA,AA,L/R,"6'1"" 205",105,127.45,Paywall,Paywall,68,Paywall,150,Paywall,150,150,Paywall,84,150
"Celestin, Felnin",SEA,SS,20.4,2023 FA,A,S/R,"6'1"" 175",106,128,Paywall,Paywall,150,Paywall,150,Paywall,150,80,Paywall,150,77
"Conrad, Ethan",CHC,OF,21.6,2025 #17,,L/L,"6'3"" 220",107,128.45,Paywall,Paywall,83,Paywall,150,Paywall,150,150,Paywall,150,150
"Melton, Jacob",TB,OF,25.4,2022 #64,MLB,L/L,"6'3"" 208",107,128.45,Paywall,Paywall,150,Paywall,150,Paywall,150,150,Paywall,79,150
"Tiedemann, Ricky",TOR,P,23.4,2021 #91,AAA,L/L,"6'4"" 220",109,128.64,Paywall,Paywall,150,Paywall,150,Paywall,150,150,Paywall,150,150
"Barco, Hunter",PIT,P,25.1,2022 #44,MLB,L/L,"6'4"" 235",110,129.55,Paywall,Paywall,150,Paywall,78,Paywall,96,150,Paywall,150,150
"Scarborough, Caden",TEX,P,20.8,2023 #171,A+,R/R,"6'5"" 185",111,130.27,Paywall,Paywall,150,Paywall,150,Paywall,150,150,Paywall,100,150
"Caldwell, Slade",ARI,OF,19.6,2024 #29,A+,L/L,"5'9"" 182",112,131.36,Paywall,Paywall,150,Paywall,150,Paywall,150,78,Paywall,150,150
"Schoolcraft, Kruz",SD,P,18.8,2025 #25,A,L/L,"6'8"" 229",113,131.55,Paywall,Paywall,150,Paywall,95,Paywall,88,150,Paywall,150,150
"Freeland, Alex",LAD,SS,24.4,2022 #105,MLB,S/R,"6'0"" 200",114,133.45,Paywall,Paywall,150,Paywall,45,Paywall,150,73,Paywall,150,87
"Hernandez, Luis",SF,P,20.3,2023 FA,R,R/R,"6'1"" 211",115,134.27,Paywall,Paywall,150,Paywall,150,Paywall,150,150,Paywall,150,150
"Collier, Cam",CIN,3B,21.2,2022 #18,AA,L/R,"6'1"" 210",116,135.82,Paywall,Paywall,150,Paywall,94,Paywall,150,96,Paywall,150,150
"Escobar, Aroon",PHI,3B,21.1,2022 FA,AA,R/R,"5'10"" 180",117,137.82,Paywall,Paywall,150,Paywall,150,Paywall,150,150,Paywall,150,86
"Salas, Ethan",SD,C,19.7,2023 FA,AA,L/R,"6'1"" 185",118,139,Paywall,Paywall,150,Paywall,77,Paywall,150,71,Paywall,150,70
"Matthews, Brice",HOU,SS,23.9,2023 #28,MLB,R/R,"5'11"" 190",119,139.91,Paywall,Paywall,150,Paywall,93,Paywall,150,150,Paywall,75,150
"Pena, Elian",NYM,SS,18.3,2025 FA,R,L/R,"5'10"" 180",120,140.55,Paywall,Paywall,150,Paywall,150,Paywall,150,84,Paywall,150,150
"Kilen, Gavin",SF,SS,21.8,2025 #13,A,L/R,"5'11"" 187",121,141.82,Paywall,Paywall,150,Paywall,150,Paywall,150,97,Paywall,150,69
"Gibson, Trey",BAL,P,23.7,2023 FA,AAA,R/R,"6'5"" 240",121,141.82,Paywall,Paywall,150,Paywall,150,Paywall,150,150,Paywall,97,150
"Level, Jhonny",SF,SS,18.8,2024 FA,A,S/R,"5'10"" 154",123,142.18,Paywall,Paywall,150,Paywall,150,Paywall,150,150,Paywall,150,150
"Troy, Tommy",ARI,SS,24,2023 #12,AAA,R/R,"5'9"" 197",124,142.27,Paywall,Paywall,91,Paywall,150,Paywall,150,150,Paywall,150,150
"Mathews, Quinn",STL,P,25.3,2023 #122,AAA,L/L,"6'5"" 188",125,142.36,Paywall,Paywall,150,Paywall,150,Paywall,150,150,Paywall,150,150
"Irish, Ike",BAL,C,22.2,2025 #19,A,L/R,"6'2"" 201",126,142.73,Paywall,Paywall,150,Paywall,150,Paywall,150,150,Paywall,150,85
"Valdez, Esmerlyn",PIT,OF,22,2021 FA,AA,R/R,"6'2"" 181",127,142.91,Paywall,Paywall,99,46,150,Paywall,150,150,Paywall,95,150
"McDougal, Tanner",CHW,P,22.8,2021 #155,AA,R/R,"6'5"" 185",128,143,Paywall,Paywall,150,Paywall,150,Paywall,150,150,Paywall,150,150
"Mitchell, Blake",KC,C,21.5,2023 #8,A+,L/R,"6'1"" 202",129,143.82,Paywall,Paywall,150,Paywall,62,Paywall,75,150,Paywall,150,56
"Nichols, T.J.",TB,P,23.6,2023 #183,AA,R/R,"6'5"" 189",130,144.91,Paywall,Paywall,150,Paywall,150,Paywall,150,150,Paywall,150,150
"De Leon, Luis",BAL,P,22.8,2021 FA,AA,L/L,"6'3"" 168",131,146.45,Paywall,Paywall,150,Paywall,150,Paywall,150,150,Paywall,150,150
"Rodriguez, Hector",CIN,OF,21.9,2021 FA,AAA,L/R,"5'10"" 200",132,146.91,Paywall,Paywall,150,Paywall,150,Paywall,150,150,Paywall,150,150
"Dickerson, Luke",WAS,SS,20.5,2024 #44,A,R/R,"5'11"" 197",133,147.27,Paywall,Paywall,150,Paywall,150,Paywall,150,150,Paywall,150,150
"Ingle, Cooper",CLE,C,23.9,2023 #125,AAA,L/R,"5'8"" 190",134,147.91,Paywall,Paywall,150,Paywall,150,Paywall,99,150,Paywall,150,150
"Carrigg, Cole",COL,OF,23.7,2023 #65,AA,S/R,"6'2"" 200",135,148.09,Paywall,Paywall,150,Paywall,150,Paywall,150,150,Paywall,150,150
"Corniell, Jose",TEX,P,22.6,2019 FA,MLB,R/R,"6'3"" 165",136,148.36,Paywall,Paywall,150,Paywall,150,Paywall,150,150,Paywall,150,150
"Doughty, Braylon",CLE,P,20.1,2024 #36,A,R/R,"6'1"" 196",137,149.18,Paywall,Paywall,150,Paywall,150,Paywall,150,150,Paywall,150,150
"Fischer, Andrew",MIL,3B,21.7,2025 #20,A+,L/R,"6'1"" 210",138,149.55,Paywall,Paywall,150,Paywall,150,Paywall,150,150,Paywall,150,150
"Isaac, Xavier",TB,1B,22.1,2022 #29,AA,L/L,"6'3"" 240",139,149.64,Paywall,Paywall,150,Paywall,150,Paywall,150,150,Paywall,150,150
"Pierce, Daniel",TB,SS,19.5,2025 #14,,R/R,"6'0"" 185",140,149.91,Paywall,Paywall,150,Paywall,150,Paywall,150,150,Paywall,150,96
"King, Johnny",TOR,P,19.5,2024 #95,A,L/L,"6'3"" 210",141,150.82,Paywall,Paywall,150,Paywall,150,Paywall,150,150,Paywall,150,150
"Fuentes, Didier",ATL,P,20.6,2022 FA,MLB,R/R,"6'0"" 170",141,150.82,Paywall,Paywall,150,Paywall,150,Paywall,150,150,Paywall,150,150
"Suarez, Santiago",TB,P,21,2022 FA,AAA,R/R,"6'2"" 175",143,151.36,Paywall,Paywall,150,Paywall,150,Paywall,150,150,Paywall,150,150
"Cunningham, Kayson",ARI,SS,19.6,2025 #18,A,L/R,"5'10"" 182",144,151.64,Paywall,Paywall,150,Paywall,150,Paywall,150,95,Paywall,150,150
"Payne, Braylon",MIL,OF,19.5,2024 #17,A,L/L,"6'2"" 186",144,151.64,Paywall,Paywall,150,Paywall,150,Paywall,150,150,Paywall,150,150
"Aloy, Wehiwa",BAL,SS,22,2025 #31,A,R/R,"6'2"" 200",146,151.73,Paywall,Paywall,150,Paywall,150,Paywall,150,150,Paywall,150,73
"Stephen, Khal",CLE,P,23.1,2024 #59,AA,R/R,"6'4"" 215",147,152.09,Paywall,Paywall,150,Paywall,150,Paywall,150,150,Paywall,150,150
"Soto, Charlee",MIN,P,20.4,2023 #34,A+,S/R,"6'3"" 210",148,152.27,Paywall,Paywall,150,Paywall,150,Paywall,150,150,Paywall,150,150
"Wood, Gage",PHI,P,22.1,2025 #26,A,R/R,"6'0"" 205",149,152.45,Paywall,Paywall,150,Paywall,150,Paywall,150,150,Paywall,150,150
"Hill, Dasan",MIN,P,20.1,2024 #69,A+,R/L,"6'5"" 165",150,152.73,Paywall,Paywall,150,Paywall,150,Paywall,150,150,Paywall,150,150
"Smith, Aidan",TB,OF,21.5,2023 #124,A+,R/R,"6'2"" 190",151,153.73,Paywall,Paywall,150,Paywall,150,Paywall,150,150,Paywall,150,150
"Ryan, River",LAD,P,27.4,2021 #340,MLB,R/R,"6'2"" 195",151,153.73,Paywall,Paywall,150,Paywall,150,Paywall,150,98,Paywall,150,55
"Alcantara, Kevin",CHC,OF,23.5,2018 FA,MLB,R/R,"6'6"" 188",153,153.82,Paywall,Paywall,150,Paywall,150,Paywall,150,82,Paywall,150,41
"Forret, Michael",TB,P,21.8,2023 #421,AA,L/R,"6'3"" 190",154,154,Paywall,Paywall,150,Paywall,150,Paywall,150,150,Paywall,150,150
"Mayfield, Kash",SD,P,21,2024 #25,A,L/L,"6'4"" 200",155,155,Paywall,Paywall,150,Paywall,150,Paywall,150,150,Paywall,150,150
"Bradfield, Enrique Jr.",BAL,OF,24.2,2023 #17,AAA,L/L,"6'0"" 170",156,155.45,Paywall,Paywall,150,Paywall,150,Paywall,150,94,Paywall,150,97
"Perales, Luis",WAS,P,22.8,2019 FA,AAA,R/R,"6'1"" 160",157,156,Paywall,Paywall,150,Paywall,150,Paywall,150,150,Paywall,150,150
"Ferris, Jackson",LAD,P,22,2022 #47,AA,L/L,"6'4"" 195",158,156.09,Paywall,Paywall,150,Paywall,98,Paywall,150,92,Paywall,150,150
"Rojas, Kendry",MIN,P,23.2,2020 FA,AAA,L/L,"6'2"" 190",159,156.18,Paywall,Paywall,150,Paywall,150,Paywall,150,150,Paywall,150,150
"Groover, LuJames",ARI,3B,23.8,2023 #48,AA,R/R,"6'2"" 212",159,156.18,Paywall,Paywall,150,Paywall,150,Paywall,150,150,Paywall,150,150
"Johnson, Termarr",PIT,SS,21.6,2022 #4,AA,L/R,"5'8"" 190",161,156.36,Paywall,Paywall,150,Paywall,150,Paywall,150,150,Paywall,150,150
"De Brun, Slater",TB,OF,18.6,2025 #37,,L/L,"5'10"" 187",162,156.55,Paywall,Paywall,150,Paywall,150,Paywall,150,150,Paywall,150,150
"Chourio, Jaison",CLE,OF,20.7,2022 FA,A+,S/R,"6'0"" 188",163,156.64,Paywall,Paywall,150,Paywall,150,Paywall,150,150,Paywall,150,150
"Asigen, Wandy",NYM,SS,16.4,2026 FA,,L/R,"6'0"" 180",163,156.64,Paywall,Paywall,150,Paywall,150,Paywall,150,150,Paywall,150,150
"Hess, Ben",NYY,P,23.4,2024 #26,AA,R/R,"6'5"" 255",165,157.18,Paywall,Paywall,150,Paywall,150,Paywall,150,150,Paywall,150,150
"Klassen, George",LAA,P,24,2023 #193,AAA,R/R,"6'2"" 195",165,157.18,Paywall,Paywall,150,Paywall,150,Paywall,150,150,Paywall,150,150
"Rojas, Jefferson",CHC,SS,20.8,2022 FA,AA,R/R,"5'11"" 150",165,157.18,Paywall,Paywall,150,Paywall,150,Paywall,150,150,Paywall,150,79
"Crisantes, Demetrio",ARI,SS,21.4,2022 #198,A+,R/R,"6'0"" 178",168,157.36,Paywall,Paywall,150,Paywall,150,Paywall,150,150,Paywall,150,150
"Renteria, Francisco",PHI,OF,17,2026 FA,,R/R,"6'3"" 216",168,157.36,Paywall,Paywall,150,Paywall,150,Paywall,150,150,Paywall,150,150
"Francisca, Welbyn",CLE,SS,19.7,2023 FA,A,S/R,"5'8"" 148",170,157.64,Paywall,Paywall,150,Paywall,150,Paywall,150,150,Paywall,150,150
"Letson, Bishop",MIL,P,21.4,2023 #332,AA,R/R,"6'4"" 170",171,157.73,Paywall,Paywall,150,Paywall,150,Paywall,150,150,Paywall,150,150
"Valera, Juan",BOS,P,19.7,2023 FA,A+,R/R,"6'3"" 205",172,158,Paywall,Paywall,150,Paywall,150,Paywall,150,150,Paywall,150,150
"Gonzalez, Gabriel",MIN,OF,22.1,2021 FA,AAA,R/R,"5'11"" 165",172,158,Paywall,Paywall,150,Paywall,150,Paywall,150,150,Paywall,150,150
"Curet, Yoniel",PHI,P,23.2,2019 FA,AAA,R/R,"6'2"" 250",174,158.36,Paywall,Paywall,150,Paywall,150,Paywall,150,150,Paywall,150,150
"Neyens, Xavier",HOU,SS,19.2,2025 #21,,L/R,"6'4"" 210",175,159.18,Paywall,Paywall,150,Paywall,150,Paywall,150,150,Paywall,150,150
"Winokur, Brandon",MIN,OF,21.1,2023 #82,A+,R/R,"6'6"" 210",175,159.18,Paywall,Paywall,150,Paywall,150,Paywall,150,150,Paywall,150,150
"Murphy, Owen",ATL,P,22.3,2022 #20,A+,R/R,"6'1"" 190",177,159.27,Paywall,Paywall,92,Paywall,150,Paywall,150,150,Paywall,150,150
"Alvarez, Kevin",HOU,OF,18,2025 FA,R,L/L,"6'4"" 184",178,160,Paywall,Paywall,150,Paywall,150,Paywall,150,90,Paywall,150,150
"Santos, Winston",TEX,P,23.8,2019 FA,AAA,R/R,"6'0"" 160",179,160.09,Paywall,Paywall,150,Paywall,150,Paywall,150,150,Paywall,150,150
"Hence, Tink",STL,P,23.5,2020 #63,AA,R/R,"6'1"" 195",179,160.09,Paywall,Paywall,150,Paywall,150,Paywall,150,150,Paywall,150,150
"DeBarge, Kyle",MIN,SS,22.5,2024 #33,A+,R/R,"5'9"" 175",181,160.82,Paywall,Paywall,150,Paywall,150,Paywall,150,150,Paywall,150,150
"Imai, Tatsuya",HOU,P,27.7,2026 FA,,R/R,"5'11"" 176",182,161.55,Paywall,Paywall,32,Paywall,150,25,150,150,Paywall,39,150
"Ko, Ching-Hsien",LAD,OF,19.5,2024 FA,A,L/R,"6'3"" 215",183,161.64,Paywall,Paywall,150,Paywall,150,Paywall,150,150,Paywall,150,150
"Pinango, Yohendrick",TOR,OF,23.7,2018 FA,AAA,L/L,"5'11"" 170",183,161.64,Paywall,Paywall,150,Paywall,150,Paywall,150,150,Paywall,150,150
"Mejia, Esteban",BAL,P,18.9,2024 FA,A,R/R,"6'3"" 175",185,162.55,Paywall,Paywall,150,Paywall,150,Paywall,150,150,Paywall,150,150
"Cunningham, Bryce",NYY,P,23.1,2024 #53,A+,R/R,"6'5"" 230",186,162.82,Paywall,Paywall,150,Paywall,150,Paywall,150,150,Paywall,150,150
"Adams, Luke",MIL,3B,21.8,2022 #372,AA,R/R,"6'4"" 210",187,162.91,Paywall,Paywall,150,Paywall,150,Paywall,150,150,Paywall,150,150
"Davalan, Charles",LAD,OF,22.1,2025 #41,A,L/R,"5'9"" 190",187,162.91,Paywall,Paywall,150,Paywall,150,Paywall,150,150,Paywall,150,150
"Clemmey, Alex",WAS,P,20.5,2023 #58,AA,L/L,"6'6"" 205",189,163.27,Paywall,Paywall,150,Paywall,150,Paywall,150,150,Paywall,150,150
"Gonzales, Justin",BOS,OF,19.1,2024 FA,A+,R/R,"6'4"" 210",190,163.36,Paywall,Paywall,150,Paywall,150,Paywall,150,150,Paywall,150,150
"Colome, Johenssy",ATH,SS,17.3,2026 FA,,R/R,"6'2"" 190",191,163.45,Paywall,Paywall,150,Paywall,150,Paywall,150,150,Paywall,150,150
"Bolte, Henry",ATH,OF,22.5,2022 #56,AAA,R/R,"6'3"" 195",192,163.55,Paywall,Paywall,150,Paywall,150,Paywall,150,150,Paywall,150,150
"Gomez, Angeibel",KC,OF,17.1,2026 FA,,R/R,"6'2"" 173",193,163.91,Paywall,Paywall,150,Paywall,150,Paywall,150,150,Paywall,150,150
"Soto, Dorian",BOS,SS,17.9,2025 FA,R,S/R,"6'2"" 180",194,164.18,Paywall,Paywall,150,Paywall,150,Paywall,150,150,Paywall,150,150
"Bratt, Mitch",ARI,P,22.6,2021 #134,AA,L/L,"6'1"" 190",195,164.27,Paywall,Paywall,150,Paywall,150,Paywall,150,150,Paywall,150,150
"Gill Hill, Gary",TB,P,21.3,2022 #194,A+,R/R,"6'2"" 160",195,164.27,Paywall,Paywall,150,Paywall,150,Paywall,150,150,Paywall,150,150
"Overn, Austin",TB,OF,22.7,2024 #97,AA,L/R,"6'0"" 175",197,164.55,Paywall,Paywall,150,Paywall,150,Paywall,150,150,Paywall,150,150
"Caba, Starlyn",MIA,SS,20.1,2023 FA,A,S/R,"5'9"" 160",198,164.91,Paywall,Paywall,150,Paywall,150,Paywall,150,150,Paywall,150,150
"Becker, Nick",SEA,SS,19.1,2025 #57,A,R/R,"6'4"" 190",199,165.09,Paywall,Paywall,150,Paywall,150,Paywall,150,150,Paywall,150,150
"Shields, David",KC,P,19.4,2024 #41,A,S/L,"6'2"" 210",200,165.64,Paywall,Paywall,150,Paywall,150,Paywall,150,150,Paywall,150,150
"Lee, Hao-Yu",DET,2B,23,2021 FA,AAA,R/R,"5'9"" 190",201,166.73,Paywall,Paywall,150,Paywall,150,Paywall,150,150,Paywall,150,150
"Houston, Marek",MIN,SS,21.8,2025 #16,A+,R/R,"6'3"" 205",202,166.91,Paywall,Paywall,150,Paywall,150,Paywall,150,150,Paywall,150,150
"Riggio, Roc",COL,2B,23.6,2023 #129,AA,L/R,"5'9"" 180",203,167.36,Paywall,Paywall,100,Paywall,150,Paywall,150,150,Paywall,150,150
"LaViolette, Jace",CLE,OF,22.1,2025 #27,,L/L,"6'6"" 230",203,167.36,Paywall,Paywall,150,Paywall,150,Paywall,150,150,Paywall,150,150
"Wilken, Brock",MIL,3B,23.6,2023 #18,AA,R/R,"6'4"" 225",205,167.64,Paywall,Paywall,150,Paywall,150,Paywall,150,150,Paywall,150,150
"Lin, Wei-En",ATH,P,20.2,2024 FA,AA,L/L,"6'2"" 179",205,167.64,Paywall,Paywall,150,Paywall,150,Paywall,150,150,Paywall,150,150
"Summerhill, Brendan",TB,OF,22.2,2025 #42,A,L/R,"6'3"" 200",207,168.18,Paywall,Paywall,150,Paywall,150,Paywall,150,150,Paywall,150,150
"Frey, Ethan",HOU,OF,21.9,2025 #95,A,R/R,"6'6"" 225",207,168.18,Paywall,Paywall,150,Paywall,150,Paywall,150,150,Paywall,150,150
"Rosario, Alejandro",WAS,P,24.1,2023 #144,AA,R/R,"6'1"" 182",209,168.27,Paywall,Paywall,150,Paywall,150,Paywall,150,150,Paywall,150,150
"Guerrero, Brailer",TB,OF,19.6,2023 FA,A,L/R,"6'1"" 215",209,168.27,Paywall,Paywall,150,Paywall,150,Paywall,150,150,Paywall,150,150
"Gasser, Robert",MIL,P,26.7,2021 #71,MLB,L/L,"6'0"" 192",209,168.27,Paywall,Paywall,150,Paywall,150,Paywall,150,150,Paywall,150,150
"Hagaman, David",ARI,P,22.8,2024 #133,A+,R/R,"6'4"" 215",212,168.36,Paywall,Paywall,150,Paywall,150,Paywall,150,150,Paywall,150,150
"Johnson, Ty",TB,P,24.3,2023 #446,AA,R/R,"6'6"" 205",213,168.64,Paywall,Paywall,150,Paywall,150,Paywall,150,150,Paywall,150,150
"Hammond, Josh",KC,SS,19.3,2025 #28,,R/R,"6'1"" 210",213,168.64,Paywall,Paywall,150,Paywall,150,Paywall,150,150,Paywall,150,150
"Davalillo, Gabriel",LAA,C,18.2,2025 FA,R,R/R,"5'11"" 210",215,169.64,Paywall,Paywall,150,Paywall,150,Paywall,150,150,Paywall,150,150
"Whisenhunt, Carson",SF,P,25.3,2022 #66,MLB,L/L,"6'3"" 214",216,169.73,Paywall,Paywall,150,Paywall,150,Paywall,150,150,Paywall,150,150
"Taylor, Devin",ATH,OF,22.1,2025 #48,A,L/R,"6'1"" 215",217,169.91,Paywall,Paywall,150,Paywall,150,Paywall,150,150,Paywall,150,150
"Stevenson, Luke",SEA,C,21.5,2025 #35,A,L/R,"6'1"" 200",218,170.55,Paywall,Paywall,150,Paywall,150,Paywall,150,150,Paywall,150,150
"Triantos, James",CHC,2B,23,2021 #56,AAA,R/R,"5'11"" 195",219,170.64,Paywall,Paywall,150,Paywall,150,Paywall,150,150,Paywall,150,150
"Morgan, Tre'",TB,1B,23.5,2023 #88,AAA,L/L,"6'0"" 215",220,170.73,Paywall,Paywall,150,Paywall,150,Paywall,150,150,Paywall,150,150
"Alderman, Kemp",MIA,OF,23.4,2023 #47,AAA,R/R,"6'2"" 235",221,170.82,Paywall,Paywall,97,Paywall,150,Paywall,150,150,Paywall,150,150
"Voit, Mitch",NYM,2B,21.3,2025 #38,A,R/R,"6'0"" 201",221,170.82,Paywall,Paywall,150,Paywall,150,Paywall,150,150,Paywall,150,150
"Davalillo, David",TEX,P,23.3,2021 FA,AA,R/R,"6'1"" 175",223,170.91,Paywall,Paywall,150,Paywall,150,Paywall,150,150,Paywall,150,150
"Long, Jonathon",CHC,1B,24,2023 #266,AAA,R/R,"5'11"" 210",224,171,Paywall,Paywall,95,Paywall,150,Paywall,150,150,Paywall,150,150
"Santucci, Jonathan",NYM,P,23.1,2024 #46,AA,L/L,"6'2"" 205",225,171.09,Paywall,Paywall,150,Paywall,150,Paywall,150,150,Paywall,150,150
"Anderson, Max",DET,2B,23.9,2023 #45,AAA,R/R,"6'0"" 215",226,171.27,Paywall,Paywall,150,Paywall,150,Paywall,150,150,Paywall,150,91
"Rodriguez, Cris",DET,OF,18,2025 FA,R,R/R,"6'3"" 203",227,171.45,Paywall,Paywall,150,Paywall,150,Paywall,150,76,Paywall,150,150
"Calaz, Robert",COL,OF,20.2,2023 FA,A,R/R,"6'2"" 202",228,171.73,Paywall,Paywall,150,Paywall,150,Paywall,150,150,Paywall,150,150
"Cova, Luis",MIA,OF,19,2024 FA,R,R/R,"6'1"" 160",229,171.91,Paywall,Paywall,150,Paywall,150,Paywall,150,150,Paywall,150,150
"Bodine, Caden",TB,C,22.2,2025 #30,A,S/R,"5'10"" 200",229,171.91,Paywall,Paywall,150,Paywall,150,Paywall,150,150,Paywall,150,150
"Veen, Zac",COL,OF,24.1,2020 #9,MLB,L/R,"6'3"" 190",231,172,Paywall,Paywall,150,Paywall,150,Paywall,150,150,Paywall,150,150
"James, Coy",WAS,SS,18.9,2025 #142,,R/R,"6'0"" 185",232,172.27,Paywall,Paywall,150,Paywall,150,Paywall,150,150,Paywall,150,150
"White, Tommy",ATH,3B,22.9,2024 #40,AA,R/R,"6'1"" 220",233,172.55,Paywall,Paywall,150,Paywall,150,Paywall,150,150,Paywall,150,150
"Petty, Chase",CIN,P,22.8,2021 #26,MLB,R/R,"6'1"" 190",234,172.64,Paywall,Paywall,150,Paywall,150,Paywall,150,150,Paywall,150,150
"Bernal, Leonardo",STL,C,22,2021 FA,AA,S/R,"6'0"" 245",235,173.09,Paywall,Paywall,150,Paywall,92,Paywall,98,150,Paywall,150,150
"Tibbs, James III",LAD,OF,23.3,2024 #13,AA,L/L,"6'0"" 201",236,173.27,Paywall,Paywall,150,Paywall,150,Paywall,150,150,Paywall,150,150
"Dix, JD",ARI,SS,20.3,2024 #35,A,S/R,"6'2"" 180",237,173.36,Paywall,Paywall,150,Paywall,150,Paywall,150,150,Paywall,150,150
"Meyer, Noble",MIA,P,21,2023 #10,A+,R/R,"6'5"" 185",237,173.36,Paywall,Paywall,150,Paywall,150,Paywall,150,150,Paywall,150,150
"Brito, Juan",CLE,SS,24.3,2018 FA,AAA,S/R,"6'0"" 202",239,173.64,Paywall,Paywall,150,Paywall,150,Paywall,150,150,Paywall,150,150
"Peete, Tai",SEA,OF,20.5,2023 #30,A+,L/R,"6'2"" 193",240,173.73,Paywall,Paywall,150,Paywall,150,Paywall,150,150,Paywall,150,150
"Nori, Dante",PHI,OF,21.3,2024 #27,AA,L/L,"5'9"" 190",240,173.73,Paywall,Paywall,150,Paywall,150,Paywall,150,150,Paywall,150,150
"Meccage, Bryce",MIL,P,19.9,2024 #57,A,R/R,"6'4"" 210",242,174.27,Paywall,Paywall,150,Paywall,150,Paywall,150,150,Paywall,150,150
"Stanifer, Gage",TOR,P,22.2,2022 #578,AA,R/R,"6'3"" 208",243,174.45,Paywall,Paywall,150,Paywall,150,Paywall,150,150,Paywall,150,150
"Okamoto, Kazuma",TOR,3B,29.6,2026 FA,,R/R,"6'1"" 220",244,175,Paywall,Paywall,58,Paywall,150,Paywall,150,150,Paywall,94,150
"Gamble, Sean",KC,OF,19.6,2025 #23,,L/R,"6'1"" 188",244,175,Paywall,Paywall,150,Paywall,150,Paywall,150,150,Paywall,150,150
"Valdez, Victor",TB,SS,17.4,2026 FA,,R/R,"6'1"" 186",246,175.09,Paywall,Paywall,150,Paywall,150,Paywall,150,150,Paywall,150,150
"Watts-Brown, Juaron",BAL,P,23.9,2023 #89,AA,R/R,"6'3"" 190",247,175.27,Paywall,Paywall,150,Paywall,150,Paywall,150,150,Paywall,150,150
"Harrington, Thomas",PIT,P,24.5,2022 #36,MLB,R/R,"6'2"" 185",248,175.55,Paywall,Paywall,150,Paywall,150,Paywall,150,150,Paywall,150,150
"King, Seaver",WAS,SS,22.8,2024 #10,AA,R/R,"6'0"" 195",248,175.55,Paywall,Paywall,150,Paywall,150,Paywall,150,150,Paywall,150,94
"Johnson, Ryan",LAA,P,23.5,2024 #74,MLB,S/R,"6'6"" 215",250,175.73,Paywall,Paywall,150,Paywall,96,Paywall,150,150,Paywall,150,150
"Perez, Jeral",CHW,3B,21.2,2022 FA,A+,R/R,"6'0"" 179",251,175.82,Paywall,Paywall,150,Paywall,150,Paywall,150,150,Paywall,150,150
"Estrada, Aron",BAL,2B,21,2022 FA,AA,S/R,"5'8"" 142",251,175.82,Paywall,Paywall,150,Paywall,150,Paywall,150,150,Paywall,150,150
"Harmon, Landon",WAS,P,19.4,2025 #80,,R/R,"6'5"" 190",253,175.91,Paywall,Paywall,150,Paywall,150,Paywall,150,150,Paywall,150,150
"Brito, Roldy",COL,3B,18.8,2024 FA,A,S/R,"5'11"" 183",254,176.64,Paywall,Paywall,150,Paywall,150,Paywall,150,150,Paywall,150,150
"Clarke, Brandon",STL,P,22.8,2024 #148,A+,L/L,"6'4"" 220",255,176.91,Paywall,Paywall,150,Paywall,150,Paywall,150,150,Paywall,150,150
"Thompson, Sterlin",COL,OF,24.6,2022 #31,AAA,L/R,"6'3"" 200",256,177.18,Paywall,Paywall,150,Paywall,150,Paywall,150,150,Paywall,150,150
"Linan, Sean",WAS,P,21.2,2022 FA,A+,R/R,"6'0"" 185",257,177.27,Paywall,Paywall,150,Paywall,150,Paywall,150,150,Paywall,150,150
"Rada, Nelson",LAA,OF,20.4,2022 FA,AAA,L/L,"5'9"" 185",258,177.45,Paywall,Paywall,150,Paywall,150,Paywall,150,150,Paywall,150,150
"Morabito, Nick",NYM,OF,22.7,2022 #75,AA,R/R,"5'10"" 185",258,177.45,Paywall,Paywall,150,Paywall,150,Paywall,150,150,Paywall,150,150
"Salas, Andrew",MIA,SS,17.9,2025 FA,A,S/R,"6'2"" 180",260,177.64,Paywall,Paywall,150,Paywall,150,Paywall,150,150,Paywall,150,150
"Adamczewski, Josh",MIL,SS,20.7,2023 #452,A+,L/R,"6'0"" 190",260,177.64,Paywall,Paywall,150,Paywall,150,Paywall,150,150,Paywall,150,150
"Liranzo, Thayron",DET,C,22.6,2021 FA,AA,S/R,"6'2"" 195",262,177.73,Paywall,Paywall,150,Paywall,150,Paywall,150,150,Paywall,150,150
"Nett, Braden",ATH,P,23.6,2022 FA,AA,R/R,"6'3"" 185",262,177.73,Paywall,Paywall,150,Paywall,150,Paywall,150,150,Paywall,150,150
"Dinges, Marco",MIL,C,22.4,2024 #123,A+,R/R,"5'11"" 190",264,178.18,Paywall,Paywall,150,Paywall,150,Paywall,150,150,Paywall,150,150
"Lodise, Alex",ATL,SS,21.9,2025 #60,A+,R/R,"6'1"" 190",265,178.27,Paywall,Paywall,150,Paywall,150,Paywall,150,150,Paywall,150,150
"Fauske, Jaden",CHW,OF,19.2,2025 #44,,L/R,"6'3"" 200",266,178.73,Paywall,Paywall,150,Paywall,150,Paywall,150,150,Paywall,150,150
"Zazueta, Christian",LAD,P,21.3,2022 FA,A+,R/R,"6'3"" 163",267,179.18,Paywall,Paywall,150,Paywall,150,Paywall,150,150,Paywall,150,150
"Rincones, Gabriel Jr.",PHI,OF,24.9,2022 #93,AAA,L/R,"6'3"" 225",268,179.27,Paywall,Paywall,150,Paywall,150,Paywall,150,150,Paywall,150,150
"Whitman, Joe",SF,P,24.4,2023 #69,AA,L/L,"6'5"" 200",269,179.73,Paywall,Paywall,150,Paywall,150,Paywall,150,150,Paywall,150,150
"Jordan, Blaze",STL,1B,23.1,2020 #89,AAA,R/R,"6'0"" 220",270,179.82,Paywall,Paywall,150,Paywall,150,Paywall,150,150,Paywall,150,150
"Slawinski, Johnny",LAA,P,18.9,2025 #79,,L/L,"6'3"" 180",270,179.82,Paywall,Paywall,150,Paywall,150,Paywall,150,150,Paywall,150,150
"Gil, John",ATL,SS,19.7,2023 FA,AA,R/R,"6'1"" 175",272,179.91,Paywall,Paywall,150,Paywall,150,Paywall,150,150,Paywall,150,150
"Baez, Jesus",STL,SS,20.9,2022 FA,A+,R/R,"5'10"" 180",273,180.18,Paywall,Paywall,150,Paywall,150,Paywall,150,150,Paywall,150,150
"Bautista, Yorger",SEA,OF,18.4,2025 FA,R,L/L,"6'1"" 176",273,180.18,Paywall,Paywall,150,Paywall,150,Paywall,150,150,Paywall,150,150
"Watson, Will",NYM,P,23.2,2024 #203,AA,R/R,"6'1"" 180",275,180.55,Paywall,Paywall,150,Paywall,150,Paywall,150,150,Paywall,150,150
"Eagen, Daniel",ARI,P,23.2,2024 #102,AA,R/R,"6'4"" 205",276,181,Paywall,Paywall,150,Paywall,150,Paywall,150,150,Paywall,150,150
"Flores, Rafael",PIT,SS,18.8,2024 FA,R,R/R,"5'10"" 172",277,181.09,Paywall,Paywall,150,Paywall,150,Paywall,150,150,Paywall,150,150
"Quick, Riley",MIN,P,21.7,2025 #36,,R/R,"6'6"" 255",278,181.64,Paywall,Paywall,150,Paywall,150,Paywall,150,150,Paywall,150,150
"Quick, Riley",PHI,OF,20.4,2024 #63,A,R/R,"6'1"" 195",278,181.64,Paywall,Paywall,150,Paywall,150,Paywall,150,150,Paywall,150,150
"Murakami, Munetaka",CHW,3B,26,2025 FA,,L/R,"6'2"" 213",280,182,Paywall,Paywall,45,Paywall,150,Paywall,150,150,Paywall,40,150
"Arroyo, Edwin",CIN,SS,22.4,2021 #48,AA,S/R,"5'11"" 173",281,182.18,Paywall,Paywall,150,Paywall,150,Paywall,150,150,Paywall,150,150
"Rosario, Elian",TEX,OF,17.3,2026 FA,,R/R,"6'2"" 195",282,182.27,Paywall,Paywall,150,Paywall,150,Paywall,150,150,Paywall,150,150
"Rodriguez, Elorky",TEX,OF,18.1,2025 FA,R,L/R,"5'10"" 175",282,182.27,Paywall,Paywall,150,Paywall,150,Paywall,150,150,Paywall,150,150
"Sanford, Wyatt",PIT,SS,20.2,2024 #47,A,L/R,"6'1"" 175",284,182.36,Paywall,Paywall,150,Paywall,150,Paywall,150,150,Paywall,150,150
"Petry, Ethan",WAS,OF,21.6,2025 #49,A,R/R,"6'4"" 235",284,182.36,Paywall,Paywall,150,Paywall,150,Paywall,150,150,Paywall,150,150
"McKenzie, Briggs",ATL,P,19.3,2025 #127,,L/L,"6'2"" 190",286,182.64,Paywall,Paywall,150,Paywall,150,Paywall,150,150,Paywall,150,150
"Jones, Druw",ARI,OF,22.2,2022 #2,A+,R/R,"6'4"" 180",287,182.91,Paywall,Paywall,150,Paywall,150,Paywall,150,150,Paywall,150,150
"Lewis, Dillon",MIA,OF,22.6,2024 #391,A+,R/R,"6'3"" 205",287,182.91,Paywall,Paywall,150,Paywall,150,Paywall,150,150,Paywall,150,150
"Bleis, Miguel",BOS,OF,21.9,2021 FA,AA,R/R,"6'0"" 170",289,183,Paywall,Paywall,150,Paywall,150,Paywall,150,150,Paywall,150,150
"Sullivan, Joseph",HOU,OF,23.6,2024 #223,AA,L/L,"5'11"" 198",290,183.27,Paywall,Paywall,150,Paywall,150,Paywall,150,150,Paywall,150,150
"Forbes, Patrick",ARI,P,21.5,2025 #29,,R/R,"6'3"" 220",290,183.27,Paywall,Paywall,150,Paywall,150,Paywall,150,150,Paywall,150,150
"Drake, Kohl",ARI,P,25.5,2022 #319,AAA,L/L,"6'5"" 220",290,183.27,Paywall,Paywall,150,Paywall,150,Paywall,150,150,Paywall,150,150
"Alvarez, Hayden",LAA,OF,18.9,2024 FA,A,R/R,"6'3"" 190",290,183.27,Paywall,Paywall,150,Paywall,150,Paywall,150,150,Paywall,150,150
"Owens, Josh",TEX,TWP,19,2025 #84,A,L/R,"6'3"" 185",294,183.45,Paywall,Paywall,150,Paywall,150,Paywall,150,150,Paywall,150,150
"Avila, Luinder",KC,P,24.4,2018 FA,MLB,R/R,"6'3"" 195",294,183.45,Paywall,Paywall,150,Paywall,150,Paywall,150,150,Paywall,150,150
"Bitonti, Eric",MIL,SS,20.2,2023 #87,A,L/R,"6'4"" 218",296,183.64,Paywall,Paywall,150,Paywall,150,Paywall,150,150,Paywall,150,150
"Ramirez, Ramon",KC,C,20.6,2023 FA,A,R/R,"6'0"" 180",296,183.64,Paywall,Paywall,150,Paywall,150,Paywall,150,150,Paywall,150,150
"Gregory-Alford, Trey",LAA,P,19.7,2024 #322,A,R/R,"6'5"" 235",298,183.82,Paywall,Paywall,150,Paywall,150,Paywall,150,150,Paywall,150,150
"Vargas, Joendry",LAD,SS,20.2,2023 FA,A,R/R,"6'3"" 175",299,183.91,Paywall,Paywall,150,Paywall,150,Paywall,150,150,Paywall,150,150
"Luis, Jansel",ARI,SS,20.9,2022 FA,A+,S/R,"6'0"" 170",300,184,Paywall,Paywall,150,Paywall,150,Paywall,150,150,Paywall,150,150
"Bateman, Boston",BAL,P,20.4,2024 #52,A+,R/L,"6'8"" 240",301,184.09,Paywall,Paywall,150,Paywall,150,Paywall,150,150,Paywall,150,150
"Shores, Chase",LAA,P,21.7,2025 #47,,R/R,"6'8"" 245",301,184.09,Paywall,Paywall,150,Paywall,150,Paywall,150,150,Paywall,150,150
"Root, Zachary",LAD,P,22,2025 #40,,L/L,"6'2"" 210",303,184.27,Paywall,Paywall,150,Paywall,150,Paywall,150,150,Paywall,150,150
"Areinamo, Jadher",TB,2B,22.2,2021 FA,AA,R/R,"5'8"" 160",304,184.45,Paywall,Paywall,150,Paywall,150,Paywall,150,150,Paywall,150,150
"Mendez, Hendry",MIN,OF,22.2,2021 FA,AA,L/L,"6'3"" 175",305,184.64,Paywall,Paywall,150,Paywall,150,Paywall,150,150,Paywall,150,150
"Russell, AJ",TEX,P,21.6,2025 #52,,R/R,"6'6"" 223",305,184.64,Paywall,Paywall,150,Paywall,150,Paywall,150,150,Paywall,150,150
"Thompson, J.D.",MIL,P,22.3,2025 #59,,R/L,"6'0"" 199",307,185.27,Paywall,Paywall,150,Paywall,150,Paywall,150,150,Paywall,150,150
"Baez, Henry",ATH,P,23.3,2019 FA,AA,R/R,"6'3"" 175",307,185.27,Paywall,Paywall,150,Paywall,150,Paywall,150,150,Paywall,150,150
"Jordan, Dakota",SF,OF,22.7,2024 #116,A,R/R,"6'0"" 220",309,185.91,Paywall,Paywall,150,Paywall,150,Paywall,150,150,Paywall,150,150
"Tornes, Diego",ATL,OF,17.6,2025 FA,R,S/R,"6'2"" 178",309,185.91,Paywall,Paywall,150,Paywall,150,Paywall,150,150,Paywall,150,150
"Suero, Chris",NYM,C,22,2022 FA,AA,R/R,"5'11"" 205",311,186,Paywall,Paywall,150,Paywall,150,Paywall,150,150,Paywall,150,150
"Monegro, Yordanny",BOS,P,23.3,2020 FA,AA,R/R,"6'4"" 180",312,186.09,Paywall,Paywall,150,Paywall,150,Paywall,150,150,Paywall,150,150
"Southisene, Tate",ATL,SS,19.3,2025 #22,A,R/R,"5'11"" 180",313,186.55,Paywall,Paywall,150,Paywall,150,Paywall,150,150,Paywall,150,150
"Quintana, Jorge",SD,SS,18.8,2024 FA,A,S/R,"6'2"" 183",314,186.73,Paywall,Paywall,150,Paywall,150,Paywall,150,150,Paywall,150,150
"Janek, Walker",HOU,C,23.3,2024 #28,A+,R/R,"6'0"" 190",315,188,Paywall,Paywall,150,Paywall,150,Paywall,150,150,Paywall,150,150
"Serrano, Eli III",NYM,OF,22.7,2024 #111,A+,L/L,"6'5"" 201",316,188.36,Paywall,Paywall,150,Paywall,150,Paywall,150,150,Paywall,150,150
"Ricardo, Yandel",KC,SS,19.3,2024 FA,A,S/R,"6'1"" 180",317,188.64,Paywall,Paywall,150,Paywall,150,Paywall,150,150,Paywall,150,150
"Blubaugh, AJ",HOU,P,25.6,2022 #223,AAA,R/R,"6'2"" 190",318,188.73,Paywall,Paywall,150,Paywall,150,Paywall,150,150,Paywall,150,150
"Montilla, Franyerber",DET,SS,20.8,2022 FA,A,S/R,"6'0"" 160",319,188.82,Paywall,Paywall,150,Paywall,150,Paywall,150,150,Paywall,150,150
"Morales, Yohandy",WAS,3B,24.3,2023 #40,AAA,R/R,"6'3"" 225",320,188.91,Paywall,Paywall,150,Paywall,150,Paywall,150,150,Paywall,150,150
"Mayer, Bryce",HOU,P,24,2024 #493,AA,R/R,"6'3"" 210",321,190.45,Paywall,Paywall,150,Paywall,150,Paywall,150,150,Paywall,150,150
"Ortiz, Abimelec",WAS,1B,23.9,2021 FA,AAA,L/L,"5'10"" 230",322,190.82,Paywall,Paywall,150,Paywall,150,Paywall,150,150,Paywall,150,150
"Cannarella, Cam",MIA,OF,22.4,2025 #43,A+,L/R,"6'0"" 185",322,190.82,Paywall,Paywall,150,Paywall,150,Paywall,150,150,Paywall,150,150
"Thomas, Jared",COL,OF,22.6,2024 #42,AA,L/L,"6'2"" 190",324,191,Paywall,Paywall,150,Paywall,150,Paywall,150,150,Paywall,150,150
"Tidwell, Blade",SF,P,24.6,2022 #52,MLB,R/R,"6'4"" 207",325,191.18,Paywall,Paywall,150,Paywall,150,Paywall,150,150,Paywall,150,150
"Bresnahan, Jacob",SF,P,20.6,2023 #398,A,L/L,"6'4"" 195",326,191.36,Paywall,Paywall,150,Paywall,150,Paywall,150,150,Paywall,150,150
"Fernandez, Dauri",CLE,2B,18.9,2024 FA,A,S/R,"5'9"" 155",327,192,Paywall,Paywall,150,Paywall,150,Paywall,150,150,Paywall,150,150
"Ehrhard, Zach",LAD,OF,23,2024 #115,AA,R/R,"5'10"" 190",328,192.18,Paywall,Paywall,150,Paywall,150,Paywall,150,150,Paywall,150,150
"Eyanson, Anthony",BOS,P,21.3,2025 #87,,R/R,"6'2"" 208",329,192.27,Paywall,Paywall,150,Paywall,150,Paywall,150,150,Paywall,150,150
"Henderson, Ixan",STL,P,24,2023 #245,AA,L/L,"6'2"" 200",330,192.36,Paywall,Paywall,150,Paywall,150,Paywall,150,150,Paywall,150,150
"Roby, Tekoah",STL,P,24.4,2020 #86,AAA,R/R,"6'1"" 210",330,192.36,Paywall,Paywall,150,Paywall,150,Paywall,150,150,Paywall,150,150
"Belyeu, Max",COL,OF,22.1,2025 #74,A+,L/R,"6'2"" 215",332,192.73,Paywall,Paywall,150,Paywall,150,Paywall,150,150,Paywall,150,150
"Phillips, Marcus",BOS,P,21.5,2025 #33,,R/R,"6'4"" 246",333,192.91,Paywall,Paywall,150,Paywall,150,Paywall,150,150,Paywall,150,150
"Carr, Kyle",NYY,P,23.7,2023 #97,AA,L/L,"6'1"" 175",334,193.09,Paywall,Paywall,150,Paywall,150,Paywall,150,150,Paywall,150,150
"Perez, Junior",ATH,OF,24.6,2017 FA,AAA,R/R,"6'0"" 165",335,193.27,Paywall,Paywall,150,Paywall,150,Paywall,150,150,Paywall,150,150
"Morales, Luis",ATH,P,23.3,2023 FA,MLB,R/R,"6'3"" 200",336,194.27,Paywall,Paywall,150,Paywall,150,Paywall,150,150,Paywall,150,150
"Watson, Aaron",CIN,P,19.1,2025 #51,,R/R,"6'5"" 205",337,194.55,Paywall,Paywall,150,Paywall,150,Paywall,150,150,Paywall,150,150
"George, Kendall",LAD,OF,21.2,2023 #36,A+,L/L,"5'9"" 170",338,194.82,Paywall,Paywall,150,Paywall,150,Paywall,150,150,Paywall,150,150
"Rodriguez, Raudi",LAA,OF,22.6,2023 #564,A,R/R,"6'0"" 190",338,194.82,Paywall,Paywall,150,Paywall,150,Paywall,150,150,Paywall,150,150
"Dohm, Nate",STL,P,23,2024 #82,A+,R/R,"6'4"" 210",340,194.91,Paywall,Paywall,150,Paywall,150,Paywall,150,150,Paywall,150,150
"Cabrera, Yeremi",WAS,OF,20.6,2022 FA,A,L/L,"5'11"" 155",341,195.27,Paywall,Paywall,150,Paywall,150,Paywall,150,150,Paywall,150,150
"Forcucci, Ryan",HOU,P,23.2,2024 #101,,R/R,"6'3"" 205",342,196.36,Paywall,Paywall,150,Paywall,150,Paywall,150,150,Paywall,150,150
"Schreck, RJ",TOR,OF,25.5,2023 #277,AAA,L/R,"6'1"" 205",343,196.45,Paywall,Paywall,150,Paywall,150,Paywall,150,150,Paywall,150,150
"Cauley, Cameron",TEX,SS,23,2021 #73,AA,R/R,"5'10"" 170",343,196.45,Paywall,Paywall,150,Paywall,150,Paywall,150,150,Paywall,150,150
"Martinez, Keyner",SF,P,21.4,2023 FA,A,R/R,"6'1"" 165",345,196.55,Paywall,Paywall,150,Paywall,150,Paywall,150,150,Paywall,150,150
"Kepley, Kane",CHC,OF,21.9,2025 #56,A,L/L,"5'8"" 180",345,196.55,Paywall,Paywall,150,Paywall,150,Paywall,150,150,Paywall,150,150
"Watson, Kahlil",CLE,OF,22.8,2021 #16,AAA,L/R,"5'9"" 178",347,197,Paywall,Paywall,150,Paywall,150,Paywall,150,150,Paywall,150,150
"Jones, Brendan",MIA,OF,23.8,2024 #361,AA,L/L,"5'10"" 180",348,197.55,Paywall,Paywall,150,Paywall,150,Paywall,150,150,Paywall,150,150
"Melton, Troy",DET,P,25.1,2022 #117,MLB,R/R,"6'4"" 210",349,197.91,Paywall,Paywall,150,Paywall,150,Paywall,150,150,Paywall,150,150
"Romero, Mikey",BOS,SS,22,2022 #24,AAA,L/R,"6'0"" 175",350,198.09,Paywall,Paywall,150,Paywall,150,Paywall,150,150,Paywall,150,150
"Ullola, Miguel",HOU,P,23.6,2021 FA,AAA,R/R,"6'1"" 205",351,198.18,Paywall,Paywall,150,Paywall,150,Paywall,150,150,Paywall,150,150
"Anderson, Jose",MIL,OF,19.2,2024 FA,A,R/R,"6'0"" 183",352,198.27,Paywall,Paywall,150,Paywall,150,Paywall,150,150,Paywall,150,150
"Gray, Murf",PIT,3B,22.1,2025 #73,,R/R,"6'4"" 230",352,198.27,Paywall,Paywall,150,Paywall,150,Paywall,150,150,Paywall,150,150
"Aracena, Wellington",BAL,P,21.1,2022 FA,A+,R/R,"6'3"" 180",354,198.36,Paywall,Paywall,150,Paywall,150,Paywall,150,150,Paywall,150,150
"Kudrna, Ben",KC,P,23,2021 #43,AAA,R/R,"6'3"" 175",355,198.55,Paywall,Paywall,150,Paywall,150,Paywall,150,150,Paywall,150,150
"Ramirez, Pedro",CHC,2B,21.8,2021 FA,AA,S/R,"5'9"" 165",356,198.91,Paywall,Paywall,150,Paywall,150,Paywall,150,150,Paywall,150,150
"Perkins, Jack",ATH,P,26.1,2022 #154,MLB,R/R,"6'1"" 220",357,199.55,Paywall,Paywall,150,Paywall,150,Paywall,150,150,Paywall,150,150
"Lindsey, Kellon",LAD,SS,20.3,2024 #23,A,R/R,"6'0"" 175",358,199.82,Paywall,Paywall,150,Paywall,150,Paywall,150,150,Paywall,150,150
"Fisher, Matthew",PHI,P,19.9,2025 #221,,R/R,"6'3"" 200",358,199.82,Paywall,Paywall,150,Paywall,150,Paywall,150,150,Paywall,150,150
"Yost, Jordan",DET,SS,19.1,2025 #24,,L/R,"6'0"" 170",360,200.09,Paywall,Paywall,150,Paywall,150,Paywall,150,150,Paywall,150,150
"Flemming, Cooper",TB,SS,19.5,2025 #53,,L/R,"6'3"" 190",361,200.36,Paywall,Paywall,150,Paywall,150,Paywall,150,150,Paywall,150,150
"Hamm, Jaden",DET,P,23.4,2023 #143,AA,R/R,"6'1"" 190",362,200.73,Paywall,Paywall,150,Paywall,150,Paywall,150,150,Paywall,150,150
"McAdoo, Charles",TOR,2B,23.9,2023 #377,AA,R/R,"6'1"" 210",363,201,Paywall,Paywall,150,Paywall,150,Paywall,150,150,Paywall,150,150
"Kayfus, C.J.",CLE,1B,24.2,2023 #93,MLB,L/L,"6'0"" 192",364,201.64,Paywall,Paywall,150,Paywall,150,Paywall,150,150,Paywall,150,150
"Mitchell, Ryan",STL,OF,19,2025 #55,,L/R,"6'2"" 185",365,202.36,Paywall,Paywall,150,Paywall,150,Paywall,150,150,Paywall,150,150
"Turley, Gavin",ATH,OF,22.2,2025 #110,A,R/R,"6'1"" 196",366,202.91,Paywall,Paywall,150,Paywall,150,Paywall,150,150,Paywall,150,150
"Arguelles, Cristian",COL,OF,18.6,2024 FA,R,L/L,"6'0"" 177",367,203.55,Paywall,Paywall,150,Paywall,150,Paywall,150,150,Paywall,150,150
"Harlan, Chase",LAD,3B,19.6,2024 #98,A,R/R,"6'3"" 205",368,203.73,Paywall,Paywall,150,Paywall,150,Paywall,150,150,Paywall,150,150
"Morlando, PJ",MIA,OF,20.7,2024 #16,A,L/R,"6'3"" 198",369,203.82,Paywall,Paywall,150,Paywall,150,Paywall,150,150,Paywall,150,150
"Church, Nathan",STL,OF,25.5,2022 #337,MLB,L/L,"5'10"" 180",370,204,Paywall,Paywall,150,Paywall,150,Paywall,150,150,Paywall,150,150
"De La Torre, Luis",SF,P,22.4,2023 FA,A,L/L,"6'0"" 188",371,204.45,Paywall,Paywall,150,Paywall,150,Paywall,150,150,Paywall,150,150
"Sandlin, David",BOS,P,24.9,2022 #325,AAA,R/R,"6'4"" 215",372,204.64,Paywall,Paywall,150,Paywall,150,Paywall,150,150,Paywall,150,150
"Lugo, Joswa",LAA,SS,19,2024 FA,R,R/R,"6'3"" 187",373,205.82,Paywall,Paywall,150,Paywall,150,Paywall,150,150,Paywall,150,150
"Head, Dillon",MIA,OF,21.3,2023 #25,A+,L/L,"6'0"" 185",374,206,Paywall,Paywall,150,Paywall,150,Paywall,150,150,Paywall,150,150
"Caceres, Juneiker",CLE,OF,18.5,2024 FA,A,L/L,"5'10"" 168",375,206.36,Paywall,Paywall,150,Paywall,150,Paywall,150,150,Paywall,150,150
"Acosta, Maximo",MIA,SS,23.2,2019 FA,MLB,R/R,"5'11"" 187",375,206.36,Paywall,Paywall,150,Paywall,150,Paywall,150,150,Paywall,150,150
"Copen, Patrick",LAD,P,23.9,2023 #220,AA,R/R,"6'6"" 220",375,206.36,Paywall,Paywall,150,Paywall,150,Paywall,150,150,Paywall,150,150
"Feliz, Angel",WAS,SS,19.2,2024 FA,A,R/R,"6'3"" 185",378,206.82,Paywall,Paywall,150,Paywall,150,Paywall,150,150,Paywall,150,150
"Sanchez, Juan",TOR,SS,18.3,2025 FA,R,R/R,"6'3"" 180",379,207.18,Paywall,Paywall,150,Paywall,150,Paywall,150,150,Paywall,150,150
"De Los Santos, Johan",PIT,SS,17.5,2025 FA,R,L/R,"5'11"" 165",380,207.27,Paywall,Paywall,150,Paywall,150,Paywall,150,150,Paywall,150,150
"Beam, Drew",KC,P,22.9,2024 #76,A+,R/R,"6'4"" 208",381,207.55,Paywall,Paywall,150,Paywall,150,Paywall,150,150,Paywall,150,150
"Cole, Zach",HOU,OF,25.5,2022 #313,MLB,L/R,"6'2"" 190",382,207.73,Paywall,Paywall,98,Paywall,150,Paywall,150,150,Paywall,89,150
"Padilla, Yairo",STL,SS,18.6,2024 FA,R,S/R,"6'0"" 170",383,208.36,Paywall,Paywall,150,Paywall,150,Paywall,150,150,Paywall,150,150
"Prielipp, Connor",MIN,P,25,2022 #48,AAA,L/L,"6'2"" 210",384,208.82,Paywall,Paywall,150,Paywall,150,Paywall,150,150,Paywall,150,150
"Franklin, Christian",WAS,OF,26.2,2021 #123,AAA,R/R,"5'9"" 195",384,208.82,Paywall,Paywall,150,Paywall,150,Paywall,150,150,Paywall,150,150
"Hartshorn, Josiah",CHC,OF,19,2025 #181,,S/L,"6'2"" 220",386,209.09,Paywall,Paywall,150,Paywall,150,Paywall,150,150,Paywall,150,150
"Keys, Sean",TOR,3B,22.7,2024 #125,A+,L/R,"6'2"" 232",387,209.18,Paywall,Paywall,150,Paywall,150,Paywall,150,150,Paywall,150,150
"Oppor, Christian",CHW,P,21.5,2023 #152,A+,L/L,"6'2"" 175",388,210.82,Paywall,Paywall,150,Paywall,150,Paywall,150,150,Paywall,150,150
"Curtis, Khristian",PIT,P,23.7,2023 #347,AA,R/R,"6'5"" 210",389,210.91,Paywall,Paywall,150,Paywall,150,Paywall,150,150,Paywall,150,150
"Abel, Mick",MIN,P,24.4,2020 #15,MLB,R/R,"6'5"" 190",390,211.18,Paywall,Paywall,150,Paywall,150,Paywall,150,150,Paywall,150,150
"Sinnard, Luke",ATL,P,23.3,2024 #99,A+,R/R,"6'8"" 250",390,211.18,Paywall,Paywall,150,Paywall,150,Paywall,150,150,Paywall,150,150
"German, Nestor",BAL,P,23.9,2023 #331,AAA,R/R,"6'3"" 225",392,211.64,Paywall,Paywall,150,Paywall,150,Paywall,150,150,Paywall,150,150
"Kasevich, Josh",TOR,SS,25,2022 #60,AAA,R/R,"6'1"" 200",393,211.91,Paywall,Paywall,150,Paywall,150,Paywall,150,150,Paywall,150,150
"Brito, Anderson",TB,P,21.6,2023 FA,A+,R/R,"5'10"" 155",394,212.09,Paywall,Paywall,150,Paywall,150,Paywall,150,150,Paywall,150,150
"Kelly, Antwone",PIT,P,22.4,2021 FA,AA,R/R,"5'10"" 183",395,212.18,Paywall,Paywall,150,Paywall,150,Paywall,150,150,Paywall,150,150
"Sundstrom, Jared",SEA,OF,24.6,2023 #307,AA,R/R,"6'2"" 230",396,212.45,Paywall,Paywall,150,Paywall,150,Paywall,150,150,Paywall,150,150
"Yorke, Nick",PIT,2B,23.8,2020 #17,MLB,R/R,"6'0"" 210",397,213.09,Paywall,Paywall,150,Paywall,150,Paywall,150,150,Paywall,150,150
"Cespedes, Yoeilin",BOS,SS,20.4,2023 FA,A,R/R,"5'8"" 181",398,213.18,Paywall,Paywall,150,Paywall,150,Paywall,150,150,Paywall,150,150
"Serwinowski, Adam",LAD,P,21.6,2022 #453,AA,L/L,"6'5"" 191",399,213.64,Paywall,Paywall,150,Paywall,150,Paywall,150,150,Paywall,150,150
"Pecko, Ethan",HOU,P,23.4,2023 #194,AAA,R/R,"6'2"" 195",400,213.82,Paywall,Paywall,150,Paywall,150,Paywall,150,150,Paywall,150,150
"Cabrera, Ricky",CIN,SS,21.2,2022 FA,A+,R/R,"6'0"" 201",401,214,Paywall,Paywall,150,Paywall,150,Paywall,150,150,Paywall,150,150
"Santana, Adrian",TB,SS,20.5,2023 #31,A+,S/R,"5'11"" 155",402,214.09,Paywall,Paywall,150,Paywall,150,Paywall,150,150,Paywall,150,150
"Lodise, Kyle",CHW,SS,22.3,2025 #76,A+,R/R,"5'11"" 180",403,214.18,Paywall,Paywall,150,Paywall,150,Paywall,150,150,Paywall,150,150
"Antonacci, Sam",CHW,IF,23,2024 #140,AA,L/R,"6'0"" 193",404,214.36,Paywall,Paywall,96,Paywall,150,Paywall,150,150,Paywall,150,150
"Milbrandt, Karson",MIA,P,21.8,2022 #85,AA,R/R,"6'2"" 190",405,214.45,Paywall,Paywall,150,Paywall,150,Paywall,150,150,Paywall,150,150
"Defrank, Kevin",MIA,P,17.5,2025 FA,R,R/R,"6'5"" 202",406,214.64,Paywall,Paywall,150,Paywall,150,Paywall,150,150,Paywall,150,150
"Oakie, Joey",CLE,P,19.7,2024 #84,A,R/R,"6'3"" 200",406,214.64,Paywall,Paywall,150,Paywall,150,Paywall,150,150,Paywall,150,84
"Montero, Edgar",ATH,SS,19.2,2024 FA,R,S/R,"6'2"" 190",408,214.82,Paywall,Paywall,150,Paywall,150,Paywall,150,150,Paywall,150,150
"Antunez, Wuilfredo",CLE,OF,23.7,2019 FA,AA,L/R,"6'1"" 193",409,214.91,Paywall,Paywall,150,Paywall,150,Paywall,150,150,Paywall,150,150
"Hardin, Tyson",MIL,P,24.2,2024 #365,AA,R/R,"6'2"" 185",410,215,Paywall,Paywall,150,Paywall,150,Paywall,150,150,Paywall,150,150
"Dickerson, Korbyn",SEA,OF,22.2,2025 #152,A,R/R,"6'1"" 205",411,215.09,Paywall,Paywall,150,Paywall,150,Paywall,150,150,Paywall,150,150
"Hernandez, Cristian",MIA,SS,22.1,2021 FA,A+,R/R,"6'2"" 175",412,215.36,Paywall,Paywall,150,Paywall,150,Paywall,150,150,Paywall,150,150
"Fedko, Kyler",MIN,OF,26.3,2021 #369,AAA,R/R,"6'0"" 215",413,215.45,Paywall,Paywall,150,Paywall,150,Paywall,150,150,Paywall,150,150
"Flewelling, Nathan",TB,C,19.2,2024 #94,A+,L/R,"6'2"" 200",414,215.73,Paywall,Paywall,150,Paywall,150,Paywall,150,150,Paywall,150,150
"Crow, Coleman",MIL,P,25.1,2019 #841,AAA,R/R,"6'0"" 175",415,216.09,Paywall,Paywall,150,Paywall,150,Paywall,150,150,Paywall,150,150
"Black, Tyler",MIL,3B,25.5,2021 #33,MLB,L/R,"6'1"" 199",416,216.36,Paywall,Paywall,150,Paywall,150,Paywall,150,150,Paywall,150,150
"Kent, Jackson",WAS,P,23,2024 #108,AA,L/L,"6'3"" 219",416,216.36,Paywall,Paywall,150,Paywall,150,Paywall,150,150,Paywall,150,150
"Robinson, Kristian",ARI,OF,25.1,2017 FA,AAA,R/R,"6'3"" 190",418,216.73,Paywall,Paywall,150,Paywall,150,Paywall,150,150,Paywall,150,150
"Young, Quentin",MIN,SS,18.9,2025 #54,A,R/R,"6'6"" 225",419,217.36,Paywall,Paywall,150,Paywall,150,Paywall,150,150,Paywall,150,150
"Wenninger, Jack",NYM,P,23.9,2023 #186,AA,L/R,"6'4"" 210",420,217.55,Paywall,Paywall,150,Paywall,150,Paywall,150,150,Paywall,150,150
"Taylor, Brayden",TB,SS,23.7,2023 #19,AA,L/R,"6'0"" 180",420,217.55,Paywall,Paywall,150,Paywall,150,Paywall,150,150,Paywall,150,150
"Gilbert, Drew",SF,OF,25.3,2022 #28,MLB,L/L,"5'9"" 195",422,217.91,Paywall,Paywall,150,Paywall,150,Paywall,150,150,Paywall,150,150
"Dorchies, Ethan",MIL,P,19.3,2024 #305,A,R/R,"6'5"" 215",423,218.09,Paywall,Paywall,150,Paywall,150,Paywall,150,150,Paywall,150,150
"Urbina, Jose",TB,P,20.2,2023 FA,A+,R/R,"6'3"" 180",424,218.27,Paywall,Paywall,150,Paywall,150,Paywall,150,150,Paywall,150,150
"Rodriguez, Yophery",BOS,OF,20.1,2023 FA,A+,L/L,"6'1"" 185",424,218.27,Paywall,Paywall,150,Paywall,150,Paywall,150,150,Paywall,150,150
"Compton, Brandon",MIA,OF,22.3,2025 #46,A+,L/L,"6'1"" 225",426,218.64,Paywall,Paywall,150,Paywall,150,Paywall,150,150,Paywall,150,150
"Perdomo, Jose",ATL,SS,19.4,2024 FA,R,R/R,"5'11"" 180",427,218.73,Paywall,Paywall,150,Paywall,150,Paywall,150,150,Paywall,150,150
"Harrison, Trevor",TB,P,20.5,2023 #156,A+,R/R,"6'4"" 225",428,218.82,Paywall,Paywall,150,Paywall,150,Paywall,150,150,Paywall,150,150
"Gonzalez, Asbel",KC,OF,20.1,2023 FA,AA,R/R,"6'2"" 170",429,219.09,Paywall,Paywall,150,Paywall,150,Paywall,150,150,Paywall,150,150
"Cortesia, Brayan",WAS,SS,18.2,2025 FA,R,R/R,"6'1"" 165",430,219.36,Paywall,Paywall,150,Paywall,150,Paywall,150,150,Paywall,150,150
"Teodo, Emiliano",TEX,P,24.9,2020 FA,AAA,R/R,"6'1"" 165",431,219.55,Paywall,Paywall,150,Paywall,150,Paywall,150,150,Paywall,150,150
"Hampton, Chase",NYY,P,24.5,2022 #190,AA,R/R,"6'2"" 220",432,220.18,Paywall,Paywall,150,Paywall,150,Paywall,150,150,Paywall,150,150
"Cayama, Argenis",SF,P,19.4,2024 FA,A,R/R,"6'1"" 180",433,220.73,Paywall,Paywall,150,Paywall,150,Paywall,150,150,Paywall,150,150
"Cross, Gavin",KC,OF,25,2022 #9,AA,L/L,"6'2"" 210",433,220.73,Paywall,Paywall,150,Paywall,150,Paywall,150,150,Paywall,150,150
"Frontado, Diego",MIL,SS,17.4,2026 FA,,R/R,"6'0"" 180",435,220.82,Paywall,Paywall,150,Paywall,150,Paywall,150,150,Paywall,150,150
"Wichrowski, Brett",MIL,P,23.4,2023 #392,AA,L/R,"6'2"" 177",436,221.27,Paywall,Paywall,150,Paywall,150,Paywall,150,150,Paywall,150,150
"Burke, Blake",MIL,1B,22.6,2024 #34,AA,L/L,"6'3"" 236",437,221.36,Paywall,Paywall,150,Paywall,150,Paywall,150,150,Paywall,150,150
"Encarnacion, Handelfry",MIL,OF,18.6,2024 FA,A,L/L,"5'11"" 172",438,221.55,Paywall,Paywall,150,Paywall,150,Paywall,150,150,Paywall,150,150
"Mendez, Miguel",SD,P,23.6,2021 FA,AA,R/R,"6'2"" 165",439,221.73,Paywall,Paywall,150,Paywall,150,Paywall,150,150,Paywall,150,150
"Guzman, Denzer",LAA,SS,22,2021 FA,MLB,R/R,"6'1"" 190",439,221.73,Paywall,Paywall,150,Paywall,150,Paywall,150,150,Paywall,150,150
"Wells, Levi",BAL,P,27.6,2020 #109,A,R/R,"5'11"" 185",441,221.82,Paywall,Paywall,150,Paywall,150,Paywall,150,150,Paywall,150,150
"Fajardo, Yhoiker",STL,P,19.3,2024 FA,A,R/R,"6'3"" 181",442,221.91,Paywall,Paywall,150,Paywall,150,Paywall,150,150,Paywall,150,150
"Favors, Caden",CLE,P,24.4,2024 #175,A+,R/L,"6'1"" 219",442,221.91,Paywall,Paywall,150,Paywall,150,Paywall,150,150,Paywall,150,150
"Acevedo, Jose Luis",BAL,SS,17.2,2026 FA,,R/R,"6'1"" 164",444,222,Paywall,Paywall,150,Paywall,150,Paywall,150,150,Paywall,150,150
"Castillo, Yolfran",TEX,SS,19,2024 FA,A,R/R,"6'3"" 165",445,222.27,Paywall,Paywall,150,Paywall,150,Paywall,150,150,Paywall,150,150
"Hackenberg, Drue",ATL,P,23.8,2023 #59,AA,R/R,"6'2"" 220",446,222.36,Paywall,Paywall,150,Paywall,150,Paywall,150,150,Paywall,150,150
"Ebel, Brady",MIL,SS,18.5,2025 #32,A,L/R,"6'3"" 195",447,222.64,Paywall,Paywall,150,Paywall,150,Paywall,150,150,Paywall,150,150
"Susac, Daniel",SF,C,24.7,2022 #19,AAA,R/R,"6'4"" 218",448,222.91,Paywall,Paywall,150,Paywall,150,Paywall,150,150,Paywall,150,150
"Fitz-Gerald, Devin",WAS,SS,20.4,2024 #165,A,S/R,"5'10"" 185",449,223.09,Paywall,Paywall,150,Paywall,150,Paywall,150,150,Paywall,150,150
"Culpepper, C.J.",MIN,P,24.2,2022 #384,AA,R/R,"6'3"" 193",450,223.18,Paywall,Paywall,150,Paywall,150,Paywall,150,150,Paywall,150,150
"O'Ferrall, Griff",BAL,SS,23,2024 #32,AA,R/R,"6'1"" 195",451,223.27,Paywall,Paywall,150,Paywall,150,Paywall,150,150,Paywall,150,150
"Curley, Dean",CLE,SS,21.8,2025 #64,A,R/R,"6'3"" 218",452,223.36,Paywall,Paywall,150,Paywall,150,Paywall,150,150,Paywall,150,150
"Nunez, Angel",CIN,OF,16.8,2026 FA,,L/L,"5'10"" 160",453,223.55,Paywall,Paywall,150,Paywall,150,Paywall,150,150,Paywall,150,150
"Harvey, Ty",SD,C,19.5,2025 #160,A,R/R,"6'2"" 215",454,223.91,Paywall,Paywall,150,Paywall,150,Paywall,150,150,Paywall,150,150
"Crooks, Jimmy",STL,C,24.5,2022 #127,MLB,L/R,"6'0"" 230",455,224.09,Paywall,Paywall,150,Paywall,150,Paywall,150,150,Paywall,150,150
"Harber, Parks",SF,3B,24.3,2024 FA,A+,R/R,"6'3"" 225",456,224.27,Paywall,Paywall,150,Paywall,150,Paywall,150,150,Paywall,150,150
"Hernandez, Joniel",SD,SS,16.9,2026 FA,,R/R,"6'1"" 180",456,224.27,Paywall,Paywall,150,Paywall,150,Paywall,150,150,Paywall,150,150
"Bergert, Ryan",KC,P,25.9,2021 #190,MLB,R/R,"6'1"" 210",458,224.55,Paywall,Paywall,150,Paywall,150,Paywall,150,150,Paywall,150,150
"Santana, Paulino",TEX,OF,19.2,2024 FA,A,R/R,"6'2"" 180",458,224.55,Paywall,Paywall,150,Paywall,150,Paywall,150,150,Paywall,150,150
"Stafura, Sammy",PIT,SS,21.2,2023 #43,A+,R/R,"6'0"" 188",460,224.64,Paywall,Paywall,150,Paywall,150,Paywall,150,150,Paywall,150,150
"Antunez, Brailyn",MIL,OF,18.2,2025 FA,R,R/R,"6'0"" 187",461,224.73,Paywall,Paywall,150,Paywall,150,Paywall,150,150,Paywall,150,150
"Clohisy, Patrick",ATL,OF,24.1,2024 #341,AA,L/L,"5'10"" 190",462,224.91,Paywall,Paywall,150,Paywall,150,Paywall,150,150,Paywall,150,150
"Neville, Mason",CIN,OF,22,2025 #114,A,L/L,"6'3"" 210",463,225.09,Paywall,Paywall,150,Paywall,150,Paywall,150,150,Paywall,150,150
"Cabrera, Jean",PHI,P,24.3,2019 FA,AA,R/R,"6'0"" 145",464,225.18,Paywall,Paywall,150,Paywall,150,Paywall,150,150,Paywall,150,150
"Arana, Luis",MIA,SS,17.9,2025 FA,R,S/R,"5'10"" 154",465,225.27,Paywall,Paywall,150,Paywall,150,Paywall,150,150,Paywall,150,150
"Bragg, Braxton",BAL,P,25.2,2023 #241,AA,R/R,"6'2"" 207",466,225.36,Paywall,Paywall,150,Paywall,150,Paywall,150,150,Paywall,150,150
"Rodriguez, Jose",LAD,P,24.5,2019 FA,AAA,S/R,"6'6"" 200",466,225.36,Paywall,Paywall,150,Paywall,150,Paywall,150,150,Paywall,150,150
"Lantigua, Arnaldo",CIN,OF,20.1,2023 FA,A,R/R,"6'2"" 200",468,225.73,Paywall,Paywall,150,Paywall,150,Paywall,150,150,Paywall,150,150
"Radney, Adriel",ARI,OF,18.6,2024 FA,R,R/R,"6'3"" 180",469,225.82,Paywall,Paywall,150,Paywall,150,Paywall,150,150,Paywall,150,150
"Echavarria, Steven",ATH,P,20.5,2023 #72,A+,R/R,"6'1"" 195",470,225.91,Paywall,Paywall,150,Paywall,150,Paywall,150,150,Paywall,150,150
"Sullivan, Sean",COL,P,23.5,2023 #46,AA,R/L,"6'4"" 190",471,226,Paywall,Paywall,150,Paywall,150,Paywall,150,150,Paywall,150,150
"Cruz, Humberto",SD,P,19.1,2024 FA,A,R/R,"6'1"" 170",472,226.18,Paywall,Paywall,150,Paywall,150,Paywall,150,150,Paywall,150,150
"Powell, Caden",HOU,SS,22.3,2024 #193,A,R/R,"6'3"" 200",472,226.18,Paywall,Paywall,150,Paywall,150,Paywall,150,150,Paywall,150,150
"Horvath, Mac",TB,3B,24.5,2023 #53,A+,R/R,"6'0"" 195",474,226.27,Paywall,Paywall,150,Paywall,150,Paywall,150,150,Paywall,150,150
"Leiter, Cam",LAD,P,22,2025 #65,,R/R,"6'5"" 234",475,226.45,Paywall,Paywall,150,Paywall,150,Paywall,150,150,Paywall,150,150
"Iriarte, Jairo",CHW,P,24.1,2018 FA,MLB,R/R,"6'4"" 240",476,226.82,Paywall,Paywall,150,Paywall,150,Paywall,150,150,Paywall,150,150
"Robberse, Sem",STL,P,24.3,2019 FA,AAA,R/R,"6'1"" 195",477,227.09,Paywall,Paywall,150,Paywall,150,Paywall,150,150,Paywall,150,150
"Bennett, Jake",BOS,P,25.1,2022 #45,AA,L/L,"6'6"" 234",478,227.36,Paywall,Paywall,150,Paywall,150,Paywall,150,150,Paywall,150,150
"Lara, Luis",MIL,OF,21.2,2022 FA,AA,S/R,"5'8"" 167",478,227.36,Paywall,Paywall,150,Paywall,150,Paywall,150,150,Paywall,150,150
"Serna, Jared",MIA,SS,23.7,2019 FA,AAA,R/R,"5'7"" 174",480,227.45,Paywall,Paywall,150,Paywall,150,Paywall,150,150,Paywall,150,150
"Quinn-Irons, James",TB,OF,22.6,2025 #147,A,R/R,"6'5"" 230",481,227.91,Paywall,Paywall,150,Paywall,150,Paywall,150,150,Paywall,150,150
"Gonzalez, Jacob",CHW,SS,23.7,2023 #15,AAA,L/R,"6'2"" 205",481,227.91,Paywall,Paywall,150,Paywall,150,Paywall,150,150,Paywall,150,150
"Baro, Boston",NYM,SS,21.4,2023 #246,A+,L/R,"6'0"" 170",483,228,Paywall,Paywall,150,Paywall,150,Paywall,150,150,Paywall,150,150
"Jordan, Dylan",LAA,P,20.3,2024 #143,A,R/R,"6'3"" 205",484,228.09,Paywall,Paywall,150,Paywall,150,Paywall,150,150,Paywall,150,150
"Mena, Cristian",ARI,P,23.1,2019 FA,MLB,R/R,"6'2"" 170",484,228.09,Paywall,Paywall,150,Paywall,150,Paywall,150,150,Paywall,150,150
"West, Aidan",LAD,SS,18.8,2025 #135,,L/R,"6'2"" 205",486,228.18,Paywall,Paywall,150,Paywall,150,Paywall,150,150,Paywall,150,150
"Diaz, Yilbur",ARI,P,25.4,2021 FA,MLB,R/R,"6'0"" 190",487,228.36,Paywall,Paywall,150,Paywall,150,Paywall,150,150,Paywall,150,150
"De Los Santos, Yordany",PIT,SS,20.9,2022 FA,A+,R/R,"6'2"" 170",488,228.64,Paywall,Paywall,150,Paywall,150,Paywall,150,150,Paywall,150,150
"Hunt, K.C.",MIL,P,25.5,2022 #350,AA,L/R,"6'3"" 200",489,228.82,Paywall,Paywall,150,Paywall,150,Paywall,150,150,Paywall,150,150
"Baez, Luis",HOU,OF,22,2022 FA,AA,R/R,"6'1"" 225",489,228.82,Paywall,Paywall,150,Paywall,150,Paywall,150,150,Paywall,150,150
"Tunink, Brendan",LAD,OF,20.3,2024 #250,A,L/L,"6'1"" 185",491,228.91,Paywall,Paywall,150,Paywall,150,Paywall,150,150,Paywall,150,150
"Moore, Malcolm",TEX,C,22.5,2024 #30,A+,L/R,"6'0"" 216",492,229.09,Paywall,Paywall,150,Paywall,150,Paywall,150,150,Paywall,150,150
"Torin, Cristofer",ARI,SS,20.7,2022 FA,AA,R/R,"5'10"" 155",493,229.27,Paywall,Paywall,150,Paywall,150,Paywall,150,150,Paywall,150,150
"Hartle, Josh",CLE,P,22.8,2024 #83,AA,L/L,"6'6"" 207",494,229.36,Paywall,Paywall,150,Paywall,150,Paywall,150,150,Paywall,150,150
"Spence, Lucas",HOU,OF,23,2024 FA,AA,L/L,"6'1"" 195",495,229.45,Paywall,Paywall,150,Paywall,150,Paywall,150,150,Paywall,150,150
"Panzini, Shane",KC,P,24.2,2021 #108,AAA,R/R,"6'3"" 220",495,229.45,Paywall,Paywall,150,Paywall,150,Paywall,150,150,Paywall,150,150
"Mercedes, Yasser",MIN,OF,21.2,2022 FA,A,R/R,"6'1"" 175",497,229.55,Paywall,Paywall,150,Paywall,150,Paywall,150,150,Paywall,150,150
"Tredwell, Alonzo",HOU,P,23.7,2023 #61,AA,L/R,"6'8"" 245",498,229.64,Paywall,Paywall,150,Paywall,150,Paywall,150,150,Paywall,150,150
"De La Cruz, Wilfri",BAL,SS,18.4,2025 FA,R,S/R,"6'2"" 170",499,229.82,Paywall,Paywall,150,Paywall,150,Paywall,150,150,Paywall,150,150
"Madden, Ty",DET,P,25.9,2021 #32,AAA,R/R,"6'3"" 215",500,229.91,Paywall,Paywall,150,Paywall,150,Paywall,150,150,Paywall,150,150
"Bohorquez, Adrian",MIN,P,20.9,2023 FA,A+,R/R,"6'1"" 190",501,230.18,Paywall,Paywall,150,Paywall,150,Paywall,150,150,Paywall,150,150
"Arias, Rayner",SF,OF,19.7,2023 FA,A,R/R,"6'2"" 185",501,230.18,Paywall,Paywall,150,Paywall,150,Paywall,150,150,Paywall,150,150
"Lin, Yu-Min",ARI,P,22.5,2021 FA,AAA,L/L,"5'11"" 160",503,230.36,Paywall,Paywall,150,Paywall,150,Paywall,150,150,Paywall,150,150
"Gray, Taitn",TB,C,18.6,2025 #86,,S/R,"6'4"" 220",504,230.45,Paywall,Paywall,150,Paywall,150,Paywall,150,150,Paywall,150,150
"Jebb, Mitch",PIT,SS,23.7,2023 #42,AA,L/R,"6'0"" 185",504,230.45,Paywall,Paywall,150,Paywall,150,Paywall,150,150,Paywall,150,150
"Martinez, Liomar",MIA,P,20.6,2022 FA,A,R/R,"6'2"" 165",506,230.73,Paywall,Paywall,150,Paywall,150,Paywall,150,150,Paywall,150,150
"Martinez, Jeter",PIT,P,20,2023 FA,A,R/R,"6'4"" 180",507,230.91,Paywall,Paywall,150,Paywall,150,Paywall,150,150,Paywall,150,150
"Melendez, Ivan",ARI,1B,26,2022 #43,AAA,R/R,"6'1"" 245",508,231,Paywall,Paywall,150,Paywall,150,Paywall,150,150,Paywall,150,150
"Martorella, Nathan",MIA,1B,24.9,2022 #150,AAA,L/L,"6'0"" 225",509,231.18,Paywall,Paywall,150,Paywall,150,Paywall,150,150,Paywall,150,150
"Heubeck, Peter",LAD,P,23.5,2021 #101,AA,R/R,"6'3"" 170",510,231.36,Paywall,Paywall,150,Paywall,150,Paywall,150,150,Paywall,150,150
"Coret, Maykel",TB,OF,18.3,2025 FA,R,R/R,"6'4"" 187",511,231.64,Paywall,Paywall,150,Paywall,150,Paywall,150,150,Paywall,150,150
"Suisbel, Luis",SEA,3B,22.7,2019 FA,A+,S/R,"6'1"" 190",512,231.73,Paywall,Paywall,150,Paywall,150,Paywall,150,150,Paywall,150,150
"Lopez, Leandro",TEX,P,23.6,2021 FA,AA,R/R,"6'1"" 200",513,231.91,Paywall,Paywall,150,Paywall,150,Paywall,150,150,Paywall,150,150
"Chace, Moises",PHI,P,22.6,2019 FA,AA,R/R,"6'1"" 213",513,231.91,Paywall,Paywall,150,Paywall,150,Paywall,150,150,Paywall,150,150
"Fruit, Zach",BAL,P,25.8,2023 #271,AA,R/R,"6'4"" 212",515,232,Paywall,Paywall,150,Paywall,150,Paywall,150,150,Paywall,150,150
"Arias, Robert",CLE,OF,19.4,2024 FA,R,L/L,"6'1"" 168",516,232.09,Paywall,Paywall,150,Paywall,150,Paywall,150,150,Paywall,150,150
"Vidourek, Landyn",LAD,OF,22.2,2025 #104,A,L/R,"6'1"" 192",517,232.18,Paywall,Paywall,150,Paywall,150,Paywall,150,150,Paywall,150,150
"Barnett, Mason",ATH,P,25.2,2022 #87,MLB,R/R,"6'0"" 218",517,232.18,Paywall,Paywall,150,Paywall,150,Paywall,150,150,Paywall,150,150
"Piasentin, Tim",TOR,3B,18.8,2025 #143,,L/R,"6'3"" 200",519,232.27,Paywall,Paywall,150,Paywall,150,Paywall,150,150,Paywall,150,150
"Petersen, Sam",WAS,OF,23,2024 #230,A+,R/R,"6'0"" 200",520,232.36,Paywall,Paywall,150,Paywall,150,Paywall,150,150,Paywall,150,150
"Lombardi, Michael",KC,P,22.4,2025 #61,,R/R,"6'3"" 201",520,232.36,Paywall,Paywall,150,Paywall,150,Paywall,150,150,Paywall,150,150
"McDonald, Trevor",SF,P,24.9,2019 #326,MLB,R/R,"6'2"" 201",522,232.45,Paywall,Paywall,150,Paywall,150,Paywall,150,150,Paywall,150,150
"Marte, Yunior",SF,P,22.5,2022 FA,A,R/R,"6'5"" 210",522,232.45,Paywall,Paywall,150,Paywall,150,Paywall,150,150,Paywall,150,150
"Ramos, Bryan",CHW,3B,23.9,2018 FA,MLB,R/R,"6'2"" 225",524,232.55,Paywall,Paywall,150,Paywall,150,Paywall,150,150,Paywall,150,150
"Godbout, Henry",BOS,SS,22.2,2025 #75,A+,R/R,"6'2"" 190",525,232.64,Paywall,Paywall,150,Paywall,150,Paywall,150,150,Paywall,150,150
"Custodio, Jeancer",PIT,OF,17.2,2026 FA,,R/R,"5'10"" 202",526,232.82,Paywall,Paywall,150,Paywall,150,Paywall,150,150,Paywall,150,150
"Solarte, Santiago",MIA,SS,17.2,2026 FA,,L/R,"6'5"" 200",527,232.91,Paywall,Paywall,150,Paywall,150,Paywall,150,150,Paywall,150,150
"Aldegheri, Sam",LAA,P,24.4,2019 FA,MLB,L/L,"6'1"" 210",527,232.91,Paywall,Paywall,150,Paywall,150,Paywall,150,150,Paywall,150,150
"Snell, Kade",CHC,OF,23.5,2025 #151,A+,L/L,"6'1"" 220",529,233,Paywall,Paywall,150,Paywall,150,Paywall,150,150,Paywall,150,150
"Foscue, Justin",TEX,1B,26.9,2020 #14,MLB,R/R,"5'11"" 205",529,233,Paywall,Paywall,150,Paywall,150,Paywall,150,150,Paywall,150,150
"DeBerry, Jaron",MIL,P,23.4,2024 #93,AA,R/R,"6'3"" 178",531,233.09,Paywall,Paywall,150,Paywall,150,Paywall,150,150,Paywall,150,150
"Elliott, Clark",ATH,OF,25.3,2022 #69,AA,L/R,"5'10"" 182",532,233.27,Paywall,Paywall,150,Paywall,150,Paywall,150,150,Paywall,150,150
"Musgrove, Tucker",SD,P,24,2023 #221,A,R/R,"6'3"" 175",533,233.45,Paywall,Paywall,150,Paywall,150,Paywall,150,150,Paywall,150,150
"Delgado, Keiner",PIT,2B,22.1,2021 FA,A+,S/R,"5'7"" 145",534,233.55,Paywall,Paywall,150,Paywall,150,Paywall,150,150,Paywall,150,150
"Rodriguez, Jesus",SF,C,23.8,2018 FA,AAA,R/R,"5'10"" 208",535,233.64,Paywall,Paywall,150,Paywall,150,Paywall,150,150,Paywall,150,150
"Ledbetter, Colton",TB,OF,24.2,2023 #55,AA,L/R,"6'1"" 205",536,233.73,Paywall,Paywall,150,Paywall,150,Paywall,150,150,Paywall,150,150
"Aguiar, Julian",CIN,P,24.6,2021 #360,MLB,L/R,"6'3"" 180",537,233.82,Paywall,Paywall,150,Paywall,150,Paywall,150,150,Paywall,150,150
"Matic, Richard",NYY,3B,18.5,2024 FA,R,R/R,"6'0"" 200",538,233.91,Paywall,Paywall,150,Paywall,150,Paywall,150,150,Paywall,150,150
"Jackson, Core",NYY,SS,22.3,2025 #164,A+,L/R,"6'2"" 190",539,234,Paywall,Paywall,150,Paywall,150,Paywall,150,150,Paywall,150,150
"Willems, Creed",BAL,C,22.6,2021 #227,AA,L/R,"5'11"" 225",539,234,Paywall,Paywall,150,Paywall,150,Paywall,150,150,Paywall,150,150
"Reid, Dominick",CHC,P,22.2,2025 #90,,R/R,"6'3"" 201",541,234.09,Paywall,Paywall,150,Paywall,150,Paywall,150,150,Paywall,150,150
"Campbell, Dylan",PHI,OF,23.6,2023 #136,AA,R/R,"5'10"" 205",542,234.36,Paywall,Paywall,150,Paywall,150,Paywall,150,150,Paywall,150,150
"Franklin, Tanner",STL,P,21.7,2025 #72,A+,R/R,"6'5"" 225",543,234.45,Paywall,Paywall,150,Paywall,150,Paywall,150,150,Paywall,150,150
"Cook, Jake",TOR,OF,22.5,2025 #81,,L/L,"6'3"" 185",543,234.45,Paywall,Paywall,150,Paywall,150,Paywall,150,150,Paywall,150,150
"Fabian, Jud",BAL,OF,25.3,2022 #67,AAA,R/L,"6'0"" 195",545,234.55,Paywall,Paywall,150,Paywall,150,Paywall,150,150,Paywall,150,150
"Carey, Owen",ATL,OF,19.5,2024 #461,A,L/L,"6'0"" 185",546,234.64,Paywall,Paywall,150,Paywall,150,Paywall,150,150,Paywall,150,150
"Morris, Kade",ATH,P,23.6,2023 #101,AAA,R/R,"6'3"" 190",546,234.64,Paywall,Paywall,150,Paywall,150,Paywall,150,150,Paywall,150,150
"Lin, Chen-Wei",STL,P,24.2,2023 FA,AA,R/R,"6'7"" 188",548,234.73,Paywall,Paywall,150,Paywall,150,Paywall,150,150,Paywall,150,150
"Harris, Dustin",CHW,OF,26.6,2019 #344,MLB,L/R,"6'2"" 185",549,234.91,Paywall,Paywall,150,Paywall,150,Paywall,150,150,Paywall,150,150
"Ortiz, Deniel",STL,3B,21.4,2024 #471,A+,R/R,"6'1"" 230",550,235.09,Paywall,Paywall,150,Paywall,150,Paywall,150,150,Paywall,150,150
"De Los Santos, Deyvison",MIA,3B,22.6,2019 FA,AAA,R/R,"6'1"" 185",550,235.09,Paywall,Paywall,150,Paywall,150,Paywall,150,150,Paywall,150,150
"Espino, Daniel",CLE,P,25.1,2019 #24,AAA,R/R,"6'2"" 225",552,235.18,Paywall,Paywall,150,Paywall,150,Paywall,150,150,Paywall,150,150
"Gallagher, Ryan",MIN,P,23,2024 #182,AA,L/R,"6'3"" 195",552,235.18,Paywall,Paywall,150,Paywall,150,Paywall,150,150,Paywall,150,150
"Azocar, Enddy",BOS,OF,18.9,2024 FA,A,R/R,"6'2"" 168",554,235.27,Paywall,Paywall,150,Paywall,150,Paywall,150,150,Paywall,150,150
"McDermott, Chayce",BAL,P,27.4,2021 #132,MLB,L/R,"6'3"" 197",554,235.27,Paywall,Paywall,150,Paywall,150,Paywall,150,150,Paywall,150,150
"Alfonzo, Omar",PIT,C,22.5,2019 FA,AA,L/R,"6'1"" 235",556,235.36,Paywall,Paywall,150,Paywall,150,Paywall,150,150,Paywall,150,150
"Fenelon, Kenny",MIL,OF,18.3,2025 FA,R,R/R,"6'0"" 184",557,235.45,Paywall,Paywall,150,Paywall,150,Paywall,150,150,Paywall,150,150
"Hidalgo, Kevin",COL,SS,20.9,2022 FA,A,R/R,"6'1"" 166",558,235.55,Paywall,Paywall,150,Paywall,150,Paywall,150,150,Paywall,150,150
"Pacheco, Izaac",DET,SS,23.2,2021 #39,A+,L/R,"6'3"" 225",559,235.64,Paywall,Paywall,150,Paywall,150,Paywall,150,150,Paywall,150,150
"Rodriguez, Gabriel",CLE,SS,18.7,2024 FA,R,L/R,"6'0"" 161",559,235.64,Paywall,Paywall,150,Paywall,150,Paywall,150,150,Paywall,150,150
"Crawford, Reggie",SF,1B,25.1,2022 #30,A+,L/L,"6'4"" 235",561,235.73,Paywall,Paywall,150,Paywall,150,Paywall,150,150,Paywall,150,150
"Birdsell, Brandon",CHC,P,25.8,2022 #143,AAA,R/R,"6'2"" 240",562,235.82,Paywall,Paywall,150,Paywall,150,Paywall,150,150,Paywall,150,150
"Rosario, Kala'i",MIN,OF,23.6,2020 #158,AA,R/R,"6'0"" 205",563,236,Paywall,Paywall,150,Paywall,150,Paywall,150,150,Paywall,150,150
"Romo, Drew",CHW,C,24.4,2020 #35,MLB,S/R,"6'1"" 205",564,236.09,Paywall,Paywall,150,Paywall,150,Paywall,150,150,Paywall,150,150
"Girton, Brendan",NYM,P,24.2,2024 #293,AA,R/R,"6'1"" 217",565,236.18,Paywall,Paywall,150,Paywall,150,Paywall,150,150,Paywall,150,150
"Honeycutt, Vance",BAL,OF,22.7,2024 #22,A+,R/R,"6'3"" 205",565,236.18,Paywall,Paywall,150,Paywall,150,Paywall,150,150,Paywall,150,150
"Sanders, Will",CHC,P,23.8,2023 #113,AAA,L/R,"6'6"" 230",567,236.27,Paywall,Paywall,150,Paywall,150,Paywall,150,150,Paywall,150,150
"Jorge, Carlos",CIN,SS,22.3,2021 FA,A+,L/R,"5'9"" 160",567,236.27,Paywall,Paywall,150,Paywall,150,Paywall,150,150,Paywall,150,150
"Rodriguez, Bradgley",SD,P,22.2,2021 FA,MLB,R/R,"6'1"" 160",569,236.36,Paywall,Paywall,150,Paywall,150,Paywall,150,150,Paywall,150,150
"Smith, Cade",NYY,P,23.8,2023 #192,A+,L/R,"6'1"" 190",570,236.55,Paywall,Paywall,150,Paywall,150,Paywall,150,150,Paywall,150,150
"Albertus, Alexander",CHW,SS,21.2,2022 FA,R,R/R,"6'1"" 176",570,236.55,Paywall,Paywall,150,Paywall,150,Paywall,150,150,Paywall,150,150
"Hightower, Cobb",BAL,SS,20.9,2024 #88,A,R/R,"5'11"" 180",572,236.64,Paywall,Paywall,150,Paywall,150,Paywall,150,150,Paywall,150,150
"Andujar, Ashly",COL,SS,18.5,2024 FA,R,S/R,"6'1"" 163",573,236.73,Paywall,Paywall,150,Paywall,150,Paywall,150,150,Paywall,150,150
"Rosario, Alfonsin",TEX,OF,21.6,2023 #176,AA,R/R,"6'2"" 222",574,237,Paywall,Paywall,150,Paywall,150,Paywall,150,150,Paywall,150,150
"Morel, Darell",PIT,SS,18.4,2025 FA,R,L/R,"6'4"" 180",575,237.09,Paywall,Paywall,150,Paywall,150,Paywall,150,150,Paywall,150,150
"Thornton, Zach",NYM,P,24,2023 #159,AA,L/L,"6'3"" 170",576,237.18,Paywall,Paywall,150,Paywall,150,Paywall,150,150,Paywall,150,150
"Mayea, Brando",NYY,OF,20.4,2023 FA,R,R/R,"5'11"" 175",576,237.18,Paywall,Paywall,150,Paywall,150,Paywall,150,150,Paywall,150,150
"Cohen, Trevor",SF,OF,22.2,2025 #85,A,L/L,"6'1"" 195",578,237.27,Paywall,Paywall,150,Paywall,150,Paywall,150,150,Paywall,150,150
"De Los Santos, Angel",DET,SS,17.9,2025 FA,R,R/R,"6'1"" 161",579,237.36,Paywall,Paywall,150,Paywall,150,Paywall,150,150,Paywall,150,150
"Bowman, Cooper",ATH,2B,26,2021 #122,AAA,R/R,"6'0"" 205",579,237.36,Paywall,Paywall,150,Paywall,150,Paywall,150,150,Paywall,150,150
"Tomas, Juan",CHC,SS,18.2,2025 FA,R,S/R,"6'2"" 177",581,237.45,Paywall,Paywall,150,Paywall,150,Paywall,150,150,Paywall,150,150
"Baumann, Garrett",ATL,P,21.4,2023 #126,A+,L/R,"6'8"" 245",582,237.64,Paywall,Paywall,150,Paywall,150,Paywall,150,150,Paywall,150,150
"Cabada, Juan",CHC,SS,17.7,2025 FA,R,L/R,"5'10"" 165",583,237.73,Paywall,Paywall,150,Paywall,150,Paywall,150,150,Paywall,150,150
"Veras, Wilfred",CHW,OF,23.2,2019 FA,AA,R/R,"6'1"" 240",584,237.82,Paywall,Paywall,150,Paywall,150,Paywall,150,150,Paywall,150,150
"Sanchez, Jordan",BAL,OF,20.3,2023 FA,A,L/L,"6'1"" 176",585,237.91,Paywall,Paywall,150,Paywall,150,Paywall,150,150,Paywall,150,150
"Phillips, Connor",CIN,P,24.7,2020 #64,MLB,R/R,"6'2"" 209",585,237.91,Paywall,Paywall,150,Paywall,150,Paywall,150,150,Paywall,150,150
"Smith, Parker",HOU,P,22.9,2024 #131,A,R/R,"6'4"" 230",587,238,Paywall,Paywall,150,Paywall,150,Paywall,150,150,Paywall,150,150
"Torres, Stharlin",CIN,P,19.6,2024 FA,R,R/R,"6'0"" 182",588,238.09,Paywall,Paywall,150,Paywall,150,Paywall,150,150,Paywall,150,150
"Paulino, Eddinson",TOR,SS,23.6,2018 FA,AA,L/R,"5'10"" 155",588,238.09,Paywall,Paywall,150,Paywall,150,Paywall,150,150,Paywall,150,150
"Salcedo, Kelvis",DET,P,20,2023 FA,A,R/R,"6'0"" 180",590,238.18,Paywall,Paywall,150,Paywall,150,Paywall,150,150,Paywall,150,150
"Cappe, Yiddi",MIA,SS,23.4,2021 FA,AA,R/R,"6'3"" 175",591,238.45,Paywall,Paywall,150,Paywall,150,Paywall,150,150,Paywall,150,150
"Peterson, Austin",CLE,P,26.4,2022 #271,AAA,R/R,"6'6"" 234",592,238.55,Paywall,Paywall,150,Paywall,150,Paywall,150,150,Paywall,150,150
"Moss, Callan",PIT,1B,22.4,2024 FA,A+,R/R,"6'3"" 225",593,238.73,Paywall,Paywall,150,Paywall,150,Paywall,150,150,Paywall,150,150
"Conticello, Gavin",ARI,3B,22.6,2021 #228,AA,L/R,"6'3"" 195",593,238.73,Paywall,Paywall,150,Paywall,150,Paywall,150,150,Paywall,150,150
"Kent, Kaedan",NYY,SS,22.4,2025 #103,A+,L/R,"6'2"" 200",595,238.82,Paywall,Paywall,150,Paywall,150,Paywall,150,150,Paywall,150,150
"Kinney, Cooper",TB,2B,23,2021 #34,AA,L/R,"6'1"" 200",596,238.91,Paywall,Paywall,150,Paywall,150,Paywall,150,150,Paywall,150,150
"Morris, Andrew",MIN,P,24.4,2022 #114,AAA,R/R,"6'0"" 195",596,238.91,Paywall,Paywall,150,Paywall,150,Paywall,150,150,Paywall,150,150
"Walters, Andrew",CLE,P,25.1,2023 #62,AAA,R/R,"6'4"" 222",598,239,Paywall,Paywall,150,Paywall,150,Paywall,150,150,Paywall,150,150
"Brecht, Brody",COL,P,23.3,2024 #38,A,R/R,"6'4"" 235",598,239,Paywall,Paywall,150,Paywall,150,Paywall,150,150,Paywall,150,150
"Yoho, Craig",MIL,P,26.3,2023 #242,MLB,R/R,"6'2"" 235",600,239.09,Paywall,Paywall,150,Paywall,150,Paywall,150,150,Paywall,150,150
"Martin, Walker",SF,SS,21.9,2023 #52,A,L/R,"6'2"" 188",600,239.09,Paywall,Paywall,150,Paywall,150,Paywall,150,150,Paywall,150,150
"Eeles, Payton",BAL,2B,26.2,2024 FA,AA,L/R,"5'5"" 180",602,239.18,Paywall,Paywall,150,Paywall,150,Paywall,150,150,Paywall,150,150
"Castillo, Haritzon",MIN,SS,17.8,2025 FA,R,S/R,"5'10"" 175",602,239.18,Paywall,Paywall,150,Paywall,150,Paywall,150,150,Paywall,150,150
"Dalis, Wilder",COL,SS,19.5,2023 FA,A,S/R,"6'0"" 172",604,239.36,Paywall,Paywall,150,Paywall,150,Paywall,150,150,Paywall,150,150
"Wimmer, Braylen",COL,SS,25.1,2023 #232,A,R/R,"6'3"" 200",604,239.36,Paywall,Paywall,150,Paywall,150,Paywall,150,150,Paywall,150,150
"Huezo, Anthony",HOU,OF,20.2,2023 #374,AAA,L/R,"6'2"" 185",606,239.45,Paywall,Paywall,150,Paywall,150,Paywall,150,150,Paywall,150,150
"Vargas, Echedry",MIA,SS,20.9,2022 FA,A+,R/R,"5'11"" 170",606,239.45,Paywall,Paywall,150,Paywall,150,Paywall,150,150,Paywall,150,150
"Swan, Eriq",WAS,P,24.2,2023 #137,A+,R/R,"6'6"" 240",608,239.55,Paywall,Paywall,150,Paywall,150,Paywall,150,150,Paywall,150,150
"Mautz, Brycen",STL,P,24.5,2022 #59,AA,L/L,"6'3"" 190",609,239.64,Paywall,Paywall,150,Paywall,150,Paywall,150,150,Paywall,150,150
"Castro, Allan",BOS,OF,22.7,2019 FA,AA,S/R,"6'1"" 170",610,239.73,Paywall,Paywall,150,Paywall,150,Paywall,150,150,Paywall,150,150
"Gomez, Yorman",CLE,P,23.2,2019 FA,AA,R/R,"5'11"" 200",611,239.82,Paywall,Paywall,150,Paywall,150,Paywall,150,150,Paywall,150,150
"Jang, Hyun-Suk",LAD,P,21.9,2023 FA,A,R/R,"6'4"" 200",611,239.82,Paywall,Paywall,150,Paywall,150,Paywall,150,150,Paywall,150,150
"Schubart, Nolan",CLE,OF,21.7,2025 #101,A,L/R,"6'5"" 223",613,239.91,Paywall,Paywall,150,Paywall,150,Paywall,150,150,Paywall,150,150
"McCabe, David",ATL,3B,25.8,2022 #125,AAA,S/R,"6'3"" 230",613,239.91,Paywall,Paywall,150,Paywall,150,Paywall,150,150,Paywall,150,150
"Urena, Engelth",NYY,C,21.4,2022 FA,A+,R/R,"5'11"" 196",615,240,Paywall,Paywall,150,Paywall,150,Paywall,150,150,Paywall,150,150
"Dotel, Wilber",PIT,P,23.3,2020 FA,AA,R/R,"6'3"" 178",616,240.09,Paywall,Paywall,150,Paywall,150,Paywall,150,150,Paywall,150,150
"Davenport, Aaron",CLE,P,25.5,2021 #186,AAA,R/R,"6'0"" 185",617,240.18,Paywall,Paywall,150,Paywall,150,Paywall,150,150,Paywall,150,150
"Gelof, Zake",LAD,3B,23.9,2023 #60,A+,R/R,"6'0"" 195",618,240.27,Paywall,Paywall,150,Paywall,150,Paywall,150,150,Paywall,150,150
"Dzierwa, Joseph",BAL,P,21.8,2025 #58,R,R/L,"6'8"" 200",619,240.36,Paywall,Paywall,150,Paywall,150,Paywall,150,150,Paywall,150,150
"Raya, Marco",MIN,P,23.5,2020 #128,AAA,R/R,"6'1"" 170",619,240.36,Paywall,Paywall,150,Paywall,150,Paywall,150,150,Paywall,150,150
"Millar, Cameron",KC,P,18.7,2025 #97,,R/R,"6'2"" 200",621,240.45,Paywall,Paywall,150,Paywall,150,Paywall,150,150,Paywall,150,150
"Saltiban, Devin",PHI,SS,20.9,2023 #98,A+,R/R,"5'9"" 180",621,240.45,Paywall,Paywall,150,Paywall,150,Paywall,150,150,Paywall,150,150
"Weston, Cameron",BAL,P,25.4,2022 #227,AAA,R/R,"6'2"" 215",623,240.55,Paywall,Paywall,150,Paywall,150,Paywall,150,150,Paywall,150,150
"Gonzalez, Wikelman",CHW,P,23.8,2018 FA,MLB,R/R,"6'0"" 220",623,240.55,Paywall,Paywall,150,Paywall,150,Paywall,150,150,Paywall,150,150
"Arias, Roderick",NYY,SS,21.4,2022 FA,A,S/R,"6'0"" 178",625,240.64,Paywall,Paywall,150,Paywall,150,Paywall,150,150,Paywall,150,150
"Beltre, Eduardo",MIN,OF,19.3,2024 FA,A,R/R,"5'11"" 175",626,240.73,Paywall,Paywall,150,Paywall,150,Paywall,150,150,Paywall,150,150
"Pitre, Emilien",TB,2B,23.3,2024 #58,A+,L/R,"5'11"" 185",626,240.73,Paywall,Paywall,150,Paywall,150,Paywall,150,150,Paywall,150,150
"Polanco, Cristopher",TOR,SS,18.1,2025 FA,R,L/R,"5'10"" 174",628,240.82,Paywall,Paywall,150,Paywall,150,Paywall,150,150,Paywall,150,150
"Blanco, Tony Jr.",PIT,OF,20.7,2022 FA,A,R/R,"6'7"" 243",629,240.91,Paywall,Paywall,150,Paywall,150,Paywall,150,150,Paywall,150,150
"Hurtado, Victor",WAS,OF,18.7,2024 FA,R,L/L,"6'3"" 175",630,241,Paywall,Paywall,150,Paywall,150,Paywall,150,150,Paywall,150,150
"Green, Rodney Jr.",ATH,OF,22.8,2024 #104,A+,L/L,"6'3"" 210",631,241.09,Paywall,Paywall,150,Paywall,150,Paywall,150,150,Paywall,150,150
"Wolkow, George",CHW,OF,20,2023 #209,A,L/R,"6'7"" 239",632,241.18,Paywall,Paywall,150,Paywall,150,Paywall,150,150,Paywall,150,150
"Furman, Nate",SF,2B,24.5,2022 #121,AA,L/R,"5'8"" 180",632,241.18,Paywall,Paywall,150,Paywall,150,Paywall,150,150,Paywall,150,150
"Diaz, Lisbel",SF,OF,20.5,2023 FA,A,R/R,"6'2"" 221",634,241.36,Paywall,Paywall,150,Paywall,150,Paywall,150,150,Paywall,150,150
"Hjerpe, Cooper",STL,P,24.9,2022 #22,AA,L/L,"6'3"" 200",634,241.36,Paywall,Paywall,150,Paywall,150,Paywall,150,150,Paywall,150,150
"Bush, Homer Jr.",TB,OF,24.3,2023 #128,AA,R/R,"6'2"" 200",636,241.45,Paywall,Paywall,150,Paywall,150,Paywall,150,150,Paywall,150,150
"Herring, Griffin",COL,P,22.7,2024 #181,A+,R/L,"6'2"" 196",637,241.55,Paywall,Paywall,150,Paywall,150,Paywall,150,150,Paywall,150,150
"Bloss, Jake",TOR,P,24.6,2023 #99,MLB,R/R,"6'3"" 223",638,241.64,Paywall,Paywall,150,Paywall,150,Paywall,150,150,Paywall,150,150
"Lara, Jhancarlos",ATL,P,23,2021 FA,AAA,R/R,"6'3"" 190",638,241.64,Paywall,Paywall,150,Paywall,150,Paywall,150,150,Paywall,150,150
"Charles, Austin",KC,SS,22.2,2022 #595,A+,R/R,"6'5"" 215",640,241.73,Paywall,Paywall,150,Paywall,150,Paywall,150,150,Paywall,150,150
"DeMartini, Carson",PHI,SS,23.1,2024 #130,AA,L/R,"6'0"" 197",641,241.82,Paywall,Paywall,150,Paywall,150,Paywall,150,150,Paywall,150,150
"Moss, Dean",TB,OF,19.8,2025 #67,,L/R,"6'0"" 180",642,241.91,Paywall,Paywall,150,Paywall,150,Paywall,150,150,Paywall,150,150
"Pena, Dameury",MIN,SS,20.4,2023 FA,A,R/R,"5'10"" 150",642,241.91,Paywall,Paywall,150,Paywall,150,Paywall,150,150,Paywall,150,150
"Martin, Maxton",TEX,OF,20.7,2023 #321,A+,L/R,"6'1"" 205",644,242.09,Paywall,Paywall,150,Paywall,150,Paywall,150,150,Paywall,150,150
"Hartman, Eric",ATL,OF,19.6,2024 #611,A,L/R,"6'1"" 185",645,242.18,Paywall,Paywall,150,Paywall,150,Paywall,150,150,Paywall,150,150
"Oliveto, Michael",DET,C,19,2025 #34,,L/R,"6'3"" 185",646,242.27,Paywall,Paywall,150,Paywall,150,Paywall,150,150,Paywall,150,150
"Floyd, Ty",CIN,P,24.4,2023 #38,A,R/R,"6'2"" 200",647,242.36,Paywall,Paywall,150,Paywall,150,Paywall,150,150,Paywall,150,150
"Brito, Josue",BOS,OF,18.8,2024 FA,R,R/R,"6'0"" 175",648,242.55,Paywall,Paywall,150,Paywall,150,Paywall,150,150,Paywall,150,150
"Braun, Lucas",ATL,P,24.4,2023 #189,AAA,R/R,"6'0"" 185",649,242.64,Paywall,Paywall,150,Paywall,150,Paywall,150,150,Paywall,150,150
"Paez, Jedixson",BOS,P,22,2021 FA,A+,R/R,"6'1"" 170",650,242.82,Paywall,Paywall,150,Paywall,150,Paywall,150,150,Paywall,150,150
"Maldonado, Gerelmi",SF,P,22.1,2021 FA,A,R/R,"6'2"" 170",651,242.91,Paywall,Paywall,150,Paywall,150,Paywall,150,150,Paywall,150,150
"Witherspoon, Malachi",DET,P,21.5,2025 #62,,R/R,"6'3"" 211",652,243,Paywall,Paywall,150,Paywall,150,Paywall,150,150,Paywall,150,150
"Bullard, Blaine",TOR,OF,19.4,2025 #352,,S/L,"6'2"" 180",653,243.18,Paywall,Paywall,150,Paywall,150,Paywall,150,150,Paywall,150,150
"Pitts, Eli",CIN,OF,19.2,2025 #145,,R/R,"6'1"" 185",654,243.27,Paywall,Paywall,150,Paywall,150,Paywall,150,150,Paywall,150,150
"Burns, Chase",CIN,P,23,2024 #2,MLB,R/R,"6'3"" 210",655,250.09,Paywall,Paywall,150,Paywall,150,6,150,150,Paywall,150,150
"Mayer, Marcelo",BOS,3B,23.1,2021 #4,MLB,L/R,"6'3"" 188",656,252.09,Paywall,Paywall,150,Paywall,150,Paywall,150,150,Paywall,150,150
"Lawlar, Jordan",ARI,SS,23.5,2021 #6,MLB,R/R,"6'0"" 190",657,252.45,Paywall,Paywall,150,Paywall,150,Paywall,150,150,Paywall,150,150
"Sasaki, Roki",LAD,P,24.2,2025 FA,MLB,R/R,"6'2"" 187",658,254.55,Paywall,Paywall,150,Paywall,150,Paywall,150,150,Paywall,150,150
"Taylor, Grant",CHW,P,23.7,2023 #51,MLB,R/R,"6'3"" 230",659,257.36,Paywall,Paywall,150,Paywall,150,Paywall,150,150,Paywall,150,150
"Thomas, Colby",ATH,OF,25,2022 #95,MLB,R/R,"5'10"" 190",660,266,Paywall,Paywall,150,Paywall,150,Paywall,150,150,Paywall,150,150
"German, Marconi",WAS,SS,18.4,2025 FA,R,S/R,"5'10"" 170",660,266,Paywall,Paywall,150,Paywall,150,Paywall,150,150,Paywall,150,150
"Bergolla, William Jr.",CHW,2B,21.3,2022 FA,AA,L/R,"5'9"" 165",660,266,Paywall,Paywall,150,Paywall,150,Paywall,150,150,Paywall,150,150
"Plaz, Axiel",PIT,C,20.5,2022 FA,A+,R/R,"5'11"" 165",660,266,Paywall,Paywall,150,Paywall,150,Paywall,150,150,Paywall,150,150
"Morii, Shotaro",ATH,SS,19.1,2025 FA,R,L/R,"6'0"" 190",660,266,Paywall,Paywall,150,Paywall,150,Paywall,150,150,Paywall,150,150
"Marquez, Ramon",PHI,P,20.4,2025 FA,A,R/R,"6'2"" 182",660,266,Paywall,Paywall,150,Paywall,150,Paywall,150,150,Paywall,150,150
"Mogollon, Javier",CHW,2B,20.2,2023 FA,A,R/R,"5'8"" 160",660,266,Paywall,Paywall,150,Paywall,150,Paywall,150,150,Paywall,150,150
"Toole, Marshall",NYY,OF,22.9,2024 #451,A,L/R,"5'11"" 185",660,266,Paywall,Paywall,150,Paywall,150,Paywall,150,150,Paywall,150,150
"Davis, Chase",STL,OF,24.1,2023 #21,AA,L/L,"6'1"" 216",660,266,Paywall,Paywall,150,Paywall,150,Paywall,150,150,Paywall,150,150
"De Leon, Edgardo",MIA,3B,18.9,2024 FA,R,R/R,"6'0"" 170",660,266,Paywall,Paywall,150,Paywall,150,Paywall,150,150,Paywall,150,150
"Cimillo, Nick",PIT,C,25.9,2022 #470,AA,R/R,"6'3"" 220",660,266,Paywall,Paywall,150,Paywall,150,Paywall,150,150,Paywall,150,150
"Antonio, Rayven",ATL,P,19.9,2023 FA,A,R/R,"6'1"" 190",660,266,Paywall,Paywall,150,Paywall,150,Paywall,150,150,Paywall,150,150
"Essenburg, Conor",ATL,P,19.4,2025 #157,,R/L,"6'2"" 200",660,266,Paywall,Paywall,150,Paywall,150,Paywall,150,150,Paywall,150,150
"Ibarguen, Pedro",MIL,OF,19.6,2023 FA,A,R/R,"5'10"" 180",660,266,Paywall,Paywall,150,Paywall,150,Paywall,150,150,Paywall,150,150
"Ellwanger, James",MIN,P,21.7,2025 #88,,R/R,"6'4"" 205",660,266,Paywall,Paywall,150,Paywall,150,Paywall,150,150,Paywall,150,150
"Sime, Miguel Jr.",WAS,P,18.7,2025 #111,,R/R,"6'4"" 235",660,266,Paywall,Paywall,150,Paywall,150,Paywall,150,150,Paywall,150,150
"Wagner, Ethan",HOU,OF,20.5,2024 #523,R,R/R,"6'0"" 215",660,266,Paywall,Paywall,150,Paywall,150,Paywall,150,150,Paywall,150,150
"Rangel, Jonathan",MIL,SS,18.9,2024 FA,R,L/R,"5'9"" 176",660,266,Paywall,Paywall,150,Paywall,150,Paywall,150,150,Paywall,150,150
"Ornelas, Tirso",SD,OF,25.9,2017 FA,MLB,L/R,"6'3"" 200",660,266,Paywall,Paywall,150,Paywall,150,Paywall,150,150,Paywall,150,150
"Figueroa, Victor",BAL,1B,22.1,2024 #540,A+,L/R,"6'5"" 240",660,266,Paywall,Paywall,150,Paywall,150,Paywall,150,150,Paywall,150,150